ts_utc,close_time,label,tf,event,direction,price,box_top,box_bottom,box_id,confluence
2026-07-16T08:13:34+00:00,1784188799999,BTC,4h,short_created,short,64238.0,64845.5,64392.01,S1784174399999,
2026-07-16T08:13:35+00:00,1784188799999,ETH,1h,long_created,long,1910.63,1927.63,1917.12,L1784181599999,
2026-07-16T08:13:36+00:00,1784188799999,XRP,1h,long_created,long,1.1062,1.118,1.1134,L1784181599999,
2026-07-16T08:13:37+00:00,1784188799999,ADA,1h,long_created,long,0.163,0.1664,0.1649,L1784170799999,
2026-07-16T08:13:38+00:00,1784188800000,Gold,8h,long_entry,long,4033.63,4036.05,3986.5,L1784016000000,
2026-07-16T08:13:40+00:00,1784185200000,Nvidia,1h,long_entry,long,210.76,210.92,209.78,L1784142000000,
2026-07-16T08:13:41+00:00,1784185200000,Google,1h,short_created,short,372.32,372.04,371.02,S1784167200000,
2026-07-16T08:13:42+00:00,1784185200000,Monero,1h,short_created,short,334.59,331.77,330.77,S1784181600000,
2026-07-16T08:13:43+00:00,1784188800000,Monero,4h,short_created,short,334.59,332.99,324.67,S1784160000000,
2026-07-16T10:50:29+00:00,1784192400000,Silber,1h,long_created,long,56.99,57.51,56.91,L1784185200000,
2026-07-16T10:50:30+00:00,1784192400000,SpaceX,1h,long_created,long,135.71,136.55,136.13,L1784185200000,
2026-07-16T12:11:49+00:00,1784203199999,BNB,1h,long_created,long,578.09,578.25,577.2,L1784199599999,
2026-07-16T12:11:49+00:00,1784199600000,Apple,1h,short_created,short,328.49,329.13,328.06,S1784196000000,
2026-07-16T14:20:24+00:00,1784210399999,NEAR,1h,long_created,long,2.073,2.033,2.009,L1784199599999,
2026-07-16T14:20:24+00:00,1784210399999,NEAR,1h,long_entry,long,2.073,2.033,2.009,L1784199599999,
2026-07-16T14:20:26+00:00,1784206800000,Amazon,1h,short_created,short,254.41,257.72,256.3,S1784203200000,
2026-07-16T14:20:27+00:00,1784206800000,Amazon,1h,short_entry,short,254.41,257.72,256.3,S1784203200000,
2026-07-16T14:20:28+00:00,1784206799999,XLM,1h,short_created,short,0.1914,0.1895,0.1865,S1784188799999,
2026-07-16T14:20:28+00:00,1784210400000,Microsoft,1h,short_created,short,393.98,401.54,399.16,S1784206800000,
2026-07-16T14:20:29+00:00,1784210400000,SpaceX,1h,short_created,short,136.23,135.21,133.68,S1784206800000,
2026-07-16T14:20:30+00:00,1784206800000,Rohoel,1h,short_created,short,79.62,79.15,78.8,S1784192400000,
2026-07-16T15:50:44+00:00,1784213999999,BTC,1h,long_created,long,64543.51,64480.0,63961.14,L1784210399999,
2026-07-16T15:50:44+00:00,1784213999999,BTC,1h,long_entry,long,64543.51,64480.0,63961.14,L1784210399999,
2026-07-16T16:56:35+00:00,1784217600000,Gold,8h,long_created,long,4012.29,4086.44,4029.39,L1784160000000,
2026-07-16T17:59:45+00:00,1784221200000,Rohoel,1h,long_created,long,78.48,80.16,79.18,L1784206800000,
2026-07-16T19:12:58+00:00,1784224799999,BNB,1h,long_created,long,576.07,581.21,578.0,L1784213999999,
2026-07-16T19:12:59+00:00,1784228399999,SOL,1h,long_created,long,75.74,76.86,76.0,L1784217599999,
2026-07-16T20:11:33+00:00,1784232000000,Gold,1h,long_created,long,3984.15,4022.34,3994.23,L1784217600000,
2026-07-16T20:11:33+00:00,1784231999999,XLM,4h,short_created,short,0.1899,0.1902,0.1865,S1784188799999,
2026-07-16T23:11:39+00:00,1784242799999,DOGE,1h,long_created,long,0.07273,0.07328,0.07293,L1784239199999,
2026-07-16T23:11:40+00:00,1784242800000,Google,1h,long_created,long,357.69,357.17,355.95,L1784239200000,
2026-07-16T23:11:41+00:00,1784242800000,Google,1h,long_entry,long,357.69,357.17,355.95,L1784239200000,
2026-07-17T00:11:31+00:00,1784246399999,BTC,1d,short_created,short,63830.2,65600.0,64485.0,S1784159999999,
2026-07-17T00:11:32+00:00,1784246399999,BTC,1d,short_entry,short,63830.2,65600.0,64485.0,S1784159999999,
2026-07-17T00:11:34+00:00,1784246399999,ETH,1h,long_created,long,1864.71,1881.36,1871.77,L1784239199999,
2026-07-17T00:11:35+00:00,1784246399999,ADA,8h,long_entry,long,0.1609,0.1604,0.156,L1784015999999,
2026-07-17T00:11:36+00:00,1784246399999,AVAX,1h,long_created,long,6.514,6.622,6.591,L1784239199999,
2026-07-17T00:11:37+00:00,1784246400000,Monero,1h,short_created,short,334.96,337.45,335.93,S1784242800000,
2026-07-17T00:11:37+00:00,1784246400000,Monero,1h,short_entry,short,334.96,337.45,335.93,S1784242800000,
2026-07-17T00:11:38+00:00,1784246400000,Monero,1d,short_created,short,334.96,334.84,324.5,S1784160000000,
2026-07-17T03:34:13+00:00,1784249999999,BTC,1h,long_created,long,63482.0,64253.25,64101.18,L1784239199999,
2026-07-17T03:34:14+00:00,1784249999999,ADA,1h,long_created,long,0.1598,0.1636,0.1625,L1784239199999,
2026-07-17T03:34:14+00:00,1784257200000,Amazon,1h,long_created,long,248.43,251.32,250.3,L1784246400000,
2026-07-17T03:34:15+00:00,1784257200000,Google,1h,long_created,long,353.32,358.54,357.02,L1784246400000,
2026-07-17T03:34:16+00:00,1784250000000,Nvidia,1h,long_created,long,203.86,207.72,206.19,L1784232000000,
2026-07-17T06:01:51+00:00,1784260800000,Silber,1h,long_created,long,55.52,55.84,55.43,L1784250000000,
2026-07-17T06:01:52+00:00,1784268000000,Microsoft,1h,long_created,long,392.94,401.37,399.89,L1784242800000,
2026-07-17T08:21:04+00:00,1784271599999,SUI,1h,long_created,long,0.7318,0.7484,0.7392,L1784260799999,
2026-07-17T08:21:05+00:00,1784271600000,Silber,1h,short_created,short,55.5,55.49,55.18,S1784264400000,
2026-07-17T08:21:06+00:00,1784275200000,Google,4h,long_created,long,350.56,358.54,354.42,L1784246400000,
2026-07-17T08:21:07+00:00,1784275200000,Google,8h,long_created,long,350.56,374.24,371.02,L1784188800000,
2026-07-17T08:21:08+00:00,1784275200000,Amazon,8h,short_created,short,246.4,256.66,248.17,S1784246400000,
2026-07-17T08:21:09+00:00,1784275200000,Amazon,8h,short_entry,short,246.4,256.66,248.17,S1784246400000,
2026-07-17T08:21:10+00:00,1784275200000,Take-Two,1h,long_created,long,239.68,240.79,239.93,L1784264400000,
2026-07-17T08:21:11+00:00,1784271600000,Rohoel,1h,long_created,long,78.83,79.27,78.96,L1784260800000,
2026-07-17T08:21:11+00:00,1784271600000,Monero,1h,long_created,long,330.11,331.99,330.69,L1784264400000,
2026-07-17T10:13:38+00:00,1784278799999,AVAX,1h,long_created,long,6.501,6.504,6.444,L1784271599999,
2026-07-17T12:46:38+00:00,1784289600000,Nvidia,4h,long_created,long,202.68,212.13,210.41,L1784174400000,
2026-07-17T12:46:39+00:00,1784289600000,Amazon,4h,long_created,long,246.66,251.32,249.59,L1784246400000,
2026-07-17T14:17:53+00:00,1784296799999,ETH,1h,long_created,long,1825.5,1843.26,1833.3,L1784289599999,
2026-07-17T14:17:53+00:00,1784296800000,Gold,1h,long_created,long,4002.58,4003.49,3994.88,L1784289600000,
2026-07-17T16:48:24+00:00,1784303999999,BNB,8h,long_created,long,562.97,585.3,575.8,L1784131199999,
2026-07-17T16:48:25+00:00,1784303999999,BNB,4h,long_created,long,562.97,581.21,575.66,L1784217599999,
2026-07-17T16:48:26+00:00,1784303999999,SOL,8h,long_created,long,74.77,76.86,75.64,L1784217599999,
2026-07-17T16:48:26+00:00,1784303999999,SOL,4h,long_created,long,74.77,75.0,74.2,L1784289599999,
2026-07-17T16:48:28+00:00,1784303999999,XLM,1h,long_created,long,0.1869,0.1874,0.1843,L1784300399999,
2026-07-17T16:48:29+00:00,1784304000000,Gold,4h,long_created,long,4023.98,4006.89,3993.03,L1784289600000,
2026-07-17T16:48:29+00:00,1784304000000,Nvidia,8h,long_created,long,205.35,212.66,206.23,L1784160000000,
2026-07-17T16:48:30+00:00,1784304000000,Amazon,8h,long_created,long,248.81,258.55,252.85,L1784217600000,
2026-07-17T16:48:31+00:00,1784304000000,Take-Two,8h,long_created,long,238.05,245.38,243.8,L1784188800000,
2026-07-17T18:43:54+00:00,1784311199999,ADA,1h,short_created,short,0.1651,0.161,0.1596,S1784293199999,
2026-07-17T18:43:55+00:00,1784311200000,Silber,1h,short_created,short,56.02,56.15,55.95,S1784307600000,
2026-07-17T19:47:04+00:00,1784314799999,AVAX,1h,short_created,short,6.624,6.515,6.458,S1784300399999,
2026-07-17T20:36:34+00:00,1784318400000,SpaceX,1h,short_created,short,123.95,126.18,125.03,S1784314800000,
2026-07-17T21:27:02+00:00,1784321999999,ETH,1h,short_created,short,1842.93,1846.99,1835.65,S1784318399999,
2026-07-18T00:03:52+00:00,1784332799999,ADA,1h,short_created,short,0.1667,0.1665,0.1655,S1784329199999,
2026-07-18T00:03:55+00:00,1784332800000,HYPE,1d,long_created,long,59.754,69.031,64.864,L1784160000000,
2026-07-18T00:03:55+00:00,1784332800000,Microsoft,1d,short_created,short,394.41,390.81,378.36,S1784073600000,
2026-07-18T03:20:28+00:00,1784343599999,LINK,1h,short_created,short,8.268,8.276,8.253,S1784336399999,
2026-07-18T03:20:29+00:00,1784343600000,HYPE,1h,long_created,long,59.498,59.98,59.711,L1784325600000,
2026-07-18T05:38:46+00:00,1784347199999,AVAX,1h,short_created,short,6.604,6.579,6.552,S1784329199999,
2026-07-18T10:19:26+00:00,1784365199999,SOL,1h,long_created,long,74.85,75.09,74.92,L1784357999999,
2026-07-18T10:19:27+00:00,1784368799999,TRX,1h,short_created,short,0.3234,0.3223,0.322,S1784354399999,
2026-07-18T10:19:27+00:00,1784368799999,AVAX,1h,long_created,long,6.545,6.613,6.594,L1784357999999,
2026-07-18T13:45:25+00:00,1784379599999,ETH,1h,short_created,short,1844.98,1846.85,1844.37,S1784375999999,
2026-07-18T14:39:46+00:00,1784383199999,LINK,1h,short_created,short,8.264,8.261,8.211,S1784368799999,
2026-07-18T14:39:47+00:00,1784383200000,Microsoft,1h,long_created,long,394.22,394.72,394.08,L1784379600000,
2026-07-18T14:39:47+00:00,1784383200000,HYPE,1h,long_created,long,58.67,59.163,58.554,L1784379600000,
2026-07-18T14:39:48+00:00,1784383200000,Take-Two,1h,long_created,long,236.85,236.23,235.63,L1784376000000,
2026-07-18T15:35:19+00:00,1784386800000,Apple,1h,short_created,short,334.21,333.41,332.76,S1784379600000,
2026-07-18T16:31:24+00:00,1784390399999,XLM,1h,short_created,short,0.1872,0.1854,0.184,S1784383199999,
2026-07-18T16:31:25+00:00,1784390400000,HYPE,4h,long_created,long,59.186,60.973,58.951,L1784304000000,
2026-07-18T17:32:10+00:00,1784394000000,Google,1h,short_created,short,347.3,347.05,346.69,S1784386800000,
2026-07-18T19:43:11+00:00,1784401199999,XRP,1h,short_created,short,1.0908,1.0895,1.0858,S1784390399999,
2026-07-18T19:43:12+00:00,1784401199999,SOL,1h,short_created,short,75.29,75.04,74.81,S1784390399999,
2026-07-18T19:43:13+00:00,1784401199999,DOGE,1h,short_created,short,0.07234,0.07235,0.07214,S1784390399999,
2026-07-18T19:43:14+00:00,1784401199999,NEAR,1h,short_created,short,1.933,1.915,1.904,S1784383199999,
2026-07-18T19:43:15+00:00,1784401199999,SUI,1h,short_created,short,0.7401,0.7368,0.7337,S1784390399999,
2026-07-18T19:43:16+00:00,1784401200000,Gold,1h,short_created,short,4019.1,4024.0,4021.59,S1784390400000,
2026-07-18T19:43:17+00:00,1784401200000,Gold,1h,long_created,long,4019.1,4025.94,4022.58,L1784397600000,
2026-07-18T20:28:01+00:00,1784404799999,TRX,4h,long_created,long,0.3257,0.3239,0.3221,L1784375999999,
2026-07-18T22:07:05+00:00,1784412000000,Amazon,1h,long_created,long,247.5,247.58,247.26,L1784408400000,
2026-07-19T03:35:29+00:00,1784429999999,DOGE,1h,short_created,short,0.07265,0.07258,0.07241,S1784426399999,
2026-07-19T03:35:29+00:00,1784422799999,SOL,1h,short_created,short,76.21,75.6,75.4,S1784419199999,
2026-07-19T03:35:30+00:00,1784422800000,Nvidia,1h,long_created,long,202.28,202.43,202.27,L1784412000000,
2026-07-19T06:14:34+00:00,1784433599999,ETH,1h,short_created,short,1868.56,1861.53,1858.3,S1784426399999,
2026-07-19T06:14:35+00:00,1784437200000,Microsoft,1h,short_created,short,398.09,397.37,396.85,S1784433600000,
2026-07-19T06:14:36+00:00,1784440800000,Google,1h,long_created,long,346.53,346.73,345.81,L1784433600000,
2026-07-19T08:33:21+00:00,1784444400000,Nvidia,1h,long_created,long,201.99,202.26,202.15,L1784437200000,
2026-07-19T08:33:22+00:00,1784448000000,Google,1h,short_created,short,347.5,346.72,346.03,S1784437200000,
2026-07-19T10:09:04+00:00,1784451599999,SUI,1h,short_created,short,0.7486,0.7468,0.7443,S1784447999999,
2026-07-19T10:09:05+00:00,1784451599999,NEAR,1h,short_created,short,1.932,1.941,1.932,S1784447999999,
2026-07-19T10:09:06+00:00,1784455200000,Silber,1h,short_created,short,56.06,56.09,56.04,S1784448000000,
2026-07-19T10:09:07+00:00,1784455200000,SpaceX,1h,short_created,short,127.87,129.18,128.09,S1784451600000,
2026-07-19T11:20:41+00:00,1784458799999,ETH,1h,short_created,short,1872.25,1874.17,1864.55,S1784455199999,
2026-07-19T11:20:42+00:00,1784458799999,LINK,1h,long_created,long,8.37,8.382,8.351,L1784451599999,
2026-07-19T11:20:47+00:00,1784458799999,TRX,1h,short_entry,short,0.3272,0.3287,0.3271,S1784123999999,
2026-07-19T11:20:48+00:00,1784458800000,Gold,1h,long_created,long,4017.09,4021.17,4020.37,L1784440800000,
2026-07-19T11:20:49+00:00,1784458800000,HYPE,1h,short_created,short,60.982,60.933,60.688,S1784448000000,
2026-07-19T12:08:30+00:00,1784462400000,Monero,4h,short_created,short,337.19,331.78,327.01,S1784361600000,
2026-07-19T13:47:34+00:00,1784465999999,NEAR,1h,long_created,long,1.924,1.948,1.933,L1784451599999,
2026-07-19T14:42:16+00:00,1784469599999,DOGE,1h,long_created,long,0.07244,0.0728,0.07236,L1784458799999,
2026-07-19T15:36:27+00:00,1784473199999,XRP,1h,short_created,short,1.0987,1.0959,1.0924,S1784469599999,
2026-07-19T15:36:28+00:00,1784473199999,SOL,1h,short_created,short,76.43,76.18,75.76,S1784465999999,
2026-07-19T15:36:29+00:00,1784473200000,Apple,1h,short_created,short,334.1,333.73,333.08,S1784462400000,
2026-07-19T15:36:29+00:00,1784473200000,Monero,1h,long_created,long,333.5,337.19,335.37,L1784462400000,
2026-07-19T16:30:44+00:00,1784476800000,Amazon,1h,long_created,long,247.14,247.28,247.16,L1784469600000,
2026-07-19T16:30:45+00:00,1784476800000,Monero,8h,short_created,short,333.75,332.19,327.01,S1784361600000,
2026-07-19T18:31:40+00:00,1784483999999,ETH,1h,long_created,long,1867.23,1879.26,1868.89,L1784473199999,
2026-07-19T18:31:41+00:00,1784484000000,Take-Two,1h,short_created,short,236.8,236.66,236.38,S1784466000000,
2026-07-19T18:31:42+00:00,1784484000000,Google,1h,short_created,short,347.33,348.48,347.69,S1784480400000,
2026-07-19T18:31:43+00:00,1784484000000,Google,1h,short_entry,short,347.33,348.48,347.69,S1784480400000,
2026-07-19T19:42:39+00:00,1784487599999,BNB,1h,long_created,long,567.46,570.96,569.41,L1784476799999,
2026-07-19T19:42:39+00:00,1784487599999,BTC,1h,long_created,long,64419.99,64752.0,64406.3,L1784483999999,
2026-07-19T19:42:40+00:00,1784487599999,AVAX,1h,long_created,long,6.41,6.497,6.413,L1784483999999,
2026-07-19T21:23:11+00:00,1784494800000,HYPE,1h,short_created,short,61.327,60.833,60.446,S1784487600000,
2026-07-19T23:10:31+00:00,1784501999999,BNB,1h,short_created,short,570.72,569.92,568.0,S1784498399999,
2026-07-19T23:10:31+00:00,1784501999999,LINK,1h,short_created,short,8.374,8.389,8.327,S1784498399999,
2026-07-19T23:10:32+00:00,1784502000000,Apple,1h,short_created,short,333.66,333.96,333.14,S1784491200000,
2026-07-19T23:10:33+00:00,1784502000000,SpaceX,1h,long_created,long,127.47,128.31,127.98,L1784494800000,
2026-07-20T02:57:47+00:00,1784509199999,ETH,1h,short_created,short,1869.56,1868.23,1857.49,S1784498399999,
2026-07-20T02:57:48+00:00,1784509199999,BTC,1h,short_created,short,64628.01,64562.55,64350.0,S1784498399999,1d
2026-07-20T02:57:49+00:00,1784509199999,SOL,1h,short_created,short,76.39,76.24,75.71,S1784498399999,
2026-07-20T02:57:50+00:00,1784509199999,XRP,1h,short_created,short,1.0967,1.0973,1.0918,S1784498399999,
2026-07-20T02:57:51+00:00,1784509199999,DOGE,1h,short_created,short,0.07232,0.07246,0.0719,S1784498399999,
2026-07-20T02:57:52+00:00,1784509199999,ADA,1h,short_created,short,0.1649,0.1667,0.1647,S1784498399999,
2026-07-20T02:57:53+00:00,1784509199999,AVAX,1h,short_created,short,6.511,6.451,6.409,S1784498399999,
2026-07-20T02:57:55+00:00,1784512799999,SUI,1h,short_created,short,0.749,0.7525,0.7452,S1784498399999,
2026-07-20T02:57:56+00:00,1784509200000,Gold,1h,long_created,long,4007.64,4020.23,4018.34,L1784487600000,
2026-07-20T02:57:57+00:00,1784512800000,Gold,1h,short_created,short,4007.64,4001.34,3995.12,S1784505600000,
2026-07-20T02:57:58+00:00,1784505600000,Silber,1h,long_created,long,56.73,55.96,55.62,L1784502000000,
2026-07-20T02:57:58+00:00,1784509200000,Apple,1h,long_created,long,334.3,335.16,333.14,L1784505600000,
2026-07-20T02:57:59+00:00,1784509200000,Nvidia,1h,short_created,short,202.83,203.06,202.89,S1784494800000,
2026-07-20T02:58:00+00:00,1784512800000,Nvidia,1h,long_created,long,202.83,204.34,203.87,L1784505600000,
2026-07-20T02:58:01+00:00,1784509200000,Amazon,1h,short_created,short,247.52,247.64,247.26,S1784498400000,
2026-07-20T02:58:02+00:00,1784509200000,Google,1h,short_created,short,348.22,348.11,347.32,S1784498400000,
2026-07-20T02:58:03+00:00,1784512800000,HYPE,1h,long_created,long,60.217,61.208,60.812,L1784505600000,
2026-07-20T02:58:04+00:00,1784505600000,Rohoel,1h,short_created,short,83.73,83.79,83.37,S1784498400000,
2026-07-20T06:44:25+00:00,1784527199999,ETH,1h,long_created,long,1855.45,1882.24,1870.91,L1784519999999,
2026-07-20T06:44:26+00:00,1784519999999,BNB,4h,short_created,short,570.13,570.47,566.33,S1784491199999,
2026-07-20T06:44:28+00:00,1784519999999,BTC,4h,short_created,short,64869.8,64752.0,64280.0,S1784491199999,1d
2026-07-20T06:44:28+00:00,1784527199999,DOGE,1h,long_created,long,0.07172,0.07296,0.07256,L1784519999999,
2026-07-20T06:44:29+00:00,1784519999999,DOGE,4h,short_created,short,0.07273,0.07255,0.07169,S1784491199999,
2026-07-20T06:44:30+00:00,1784527199999,SUI,1h,long_created,long,0.742,0.7546,0.7488,L1784516399999,
2026-07-20T06:44:31+00:00,1784520000000,Amazon,4h,short_created,short,247.6,247.28,246.98,S1784476800000,
2026-07-20T09:46:09+00:00,1784534399999,BTC,1h,long_created,long,64049.99,64914.93,64644.01,L1784519999999,
2026-07-20T09:46:10+00:00,1784534399999,BNB,1h,long_created,long,565.29,571.64,568.7,L1784516399999,
2026-07-20T09:46:10+00:00,1784534399999,XRP,1h,long_created,long,1.0882,1.1036,1.0962,L1784516399999,
2026-07-20T09:46:11+00:00,1784534400000,Gold,4h,short_created,short,4022.57,4018.22,3995.12,S1784505600000,
2026-07-20T09:46:12+00:00,1784538000000,Gold,1h,short_created,short,4024.23,4017.49,4009.1,S1784530800000,
2026-07-20T09:46:12+00:00,1784538000000,Take-Two,1h,short_created,short,237.79,237.68,236.67,S1784530800000,
2026-07-20T12:04:38+00:00,1784548799999,ADA,4h,long_created,long,0.1655,0.167,0.1647,L1784505599999,
2026-07-20T12:04:39+00:00,1784548800000,Silber,1h,short_created,short,57.17,57.07,56.9,S1784545200000,
2026-07-20T12:04:41+00:00,1784541599999,XLM,1h,long_created,long,0.189,0.1863,0.1849,L1784537999999,
2026-07-20T12:04:41+00:00,1784541599999,XLM,1h,long_entry,long,0.189,0.1863,0.1849,L1784537999999,
2026-07-20T12:04:42+00:00,1784548800000,Google,1h,short_created,short,349.07,348.78,348.26,S1784545200000,
2026-07-20T14:28:07+00:00,1784552399999,ETH,1h,short_created,short,1862.68,1868.53,1854.31,S1784537999999,
2026-07-20T14:28:08+00:00,1784555999999,SUI,1h,short_created,short,0.7514,0.7564,0.7509,S1784552399999,
2026-07-20T14:28:09+00:00,1784556000000,Amazon,1h,short_created,short,248.65,248.46,247.56,S1784552400000,8h
2026-07-20T14:28:10+00:00,1784556000000,Take-Two,1h,long_created,long,238.01,238.12,237.62,L1784541600000,
2026-07-20T14:28:11+00:00,1784552400000,Monero,1h,short_created,short,332.11,333.68,332.2,S1784538000000,
2026-07-20T16:08:19+00:00,1784563199999,BTC,8h,short_created,short,65598.75,65107.99,63765.83,S1784534399999,1d
2026-07-20T16:08:20+00:00,1784563199999,BNB,1h,short_created,short,573.91,569.93,566.16,S1784555999999,
2026-07-20T16:08:21+00:00,1784563199999,TRX,1h,long_created,long,0.3258,0.3268,0.3258,L1784545199999,
2026-07-20T16:08:23+00:00,1784559600000,Microsoft,1h,long_created,long,399.49,393.51,389.26,L1784556000000,
2026-07-20T16:08:25+00:00,1784563200000,Microsoft,4h,long_created,long,399.49,395.56,394.25,L1784534400000,
2026-07-20T16:08:25+00:00,1784563200000,Microsoft,8h,long_created,long,399.49,397.93,396.18,L1784505600000,
2026-07-20T18:15:40+00:00,1784570399999,DOGE,1h,short_created,short,0.07312,0.07359,0.07298,S1784566799999,
2026-07-20T18:15:40+00:00,1784566799999,LINK,1h,short_created,short,8.579,8.478,8.348,S1784555999999,
2026-07-20T18:15:41+00:00,1784566800000,Nvidia,1h,short_created,short,204.54,206.63,204.79,S1784559600000,
2026-07-20T21:06:55+00:00,1784577599999,LINK,4h,short_created,short,8.559,8.472,8.289,S1784534399999,
2026-07-20T21:06:56+00:00,1784577599999,ADA,1h,short_created,short,0.1699,0.1675,0.1653,S1784566799999,
2026-07-20T21:06:57+00:00,1784577599999,ADA,4h,short_created,short,0.1678,0.1656,0.1607,S1784534399999,
2026-07-20T21:06:57+00:00,1784577599999,SUI,4h,short_created,short,0.7676,0.7506,0.7396,S1784534399999,
2026-07-20T21:06:58+00:00,1784577600000,Silber,1h,long_created,long,56.5,57.24,56.76,L1784563200000,
2026-07-20T21:06:59+00:00,1784577600000,Nvidia,1h,long_created,long,202.94,204.8,203.29,L1784570400000,
2026-07-21T00:08:24+00:00,1784591999999,LINK,8h,short_created,short,8.593,8.536,8.289,S1784534399999,
2026-07-21T00:08:25+00:00,1784591999999,SUI,8h,short_created,short,0.7648,0.7588,0.7396,S1784534399999,
2026-07-21T03:38:15+00:00,1784602799999,XRP,1h,short_created,short,1.1191,1.1203,1.1136,S1784599199999,
2026-07-21T03:38:16+00:00,1784599199999,ETH,1h,short_created,short,1917.3,1902.58,1894.4,S1784588399999,
2026-07-21T03:38:17+00:00,1784602799999,AVAX,1h,short_created,short,6.628,6.587,6.551,S1784588399999,
2026-07-21T03:38:18+00:00,1784602800000,Gold,1h,short_created,short,4042.79,4040.03,4023.45,S1784599200000,
2026-07-21T06:15:17+00:00,1784613599999,BTC,1h,short_created,short,65751.56,65742.58,65471.69,S1784609999999,
2026-07-21T06:15:17+00:00,1784609999999,BNB,1h,short_created,short,574.94,574.12,572.02,S1784599199999,
2026-07-21T06:15:18+00:00,1784606399999,SOL,1h,short_created,short,78.45,78.22,77.83,S1784599199999,
2026-07-21T06:15:19+00:00,1784606399999,LINK,1h,short_created,short,8.728,8.637,8.592,S1784599199999,
2026-07-21T06:15:19+00:00,1784606399999,AVAX,4h,short_created,short,6.642,6.628,6.546,S1784577599999,
2026-07-21T06:15:20+00:00,1784613599999,SUI,1h,short_created,short,0.7736,0.7711,0.7642,S1784599199999,
2026-07-21T06:15:21+00:00,1784610000000,HYPE,1h,short_created,short,63.02,62.635,62.277,S1784599200000,
2026-07-21T08:46:20+00:00,1784617199999,XLM,1h,short_created,short,0.192,0.1892,0.1872,S1784599199999,
2026-07-21T08:46:21+00:00,1784620800000,Microsoft,1h,long_created,long,400.19,402.3,401.41,L1784602800000,
2026-07-21T10:50:39+00:00,1784624399999,DOGE,1h,short_created,short,0.07348,0.07289,0.07253,S1784609999999,
2026-07-21T12:14:43+00:00,1784635199999,ETH,4h,short_created,short,1935.69,1918.16,1890.07,S1784577599999,
2026-07-21T12:14:44+00:00,1784635199999,XLM,4h,short_created,short,0.192,0.1903,0.1873,S1784577599999,
2026-07-21T12:14:45+00:00,1784635200000,Microsoft,4h,short_created,short,398.69,402.14,399.9,S1784620800000,
2026-07-21T12:14:46+00:00,1784635200000,Microsoft,4h,short_entry,short,398.69,402.14,399.9,S1784620800000,
2026-07-21T14:22:14+00:00,1784642400000,Apple,1h,long_created,long,324.22,325.42,324.57,L1784638800000,
2026-07-21T14:22:15+00:00,1784638800000,Take-Two,1h,long_created,long,237.59,240.59,239.8,L1784628000000,
2026-07-21T14:22:16+00:00,1784642400000,Nvidia,1h,short_created,short,205.67,206.01,205.56,S1784631600000,
2026-07-21T17:11:46+00:00,1784649599999,ETH,8h,short_created,short,1931.81,1891.71,1843.14,S1784534399999,
2026-07-21T17:11:46+00:00,1784649599999,AVAX,8h,short_created,short,6.62,6.628,6.546,S1784591999999,
2026-07-21T17:11:47+00:00,1784649600000,Nvidia,4h,short_created,short,205.92,203.53,202.4,S1784592000000,
2026-07-21T17:11:49+00:00,1784649600000,SpaceX,4h,short_created,short,128.27,122.45,121.08,S1784635200000,
2026-07-21T17:11:50+00:00,1784649600000,Rohoel,4h,short_created,short,84.48,83.02,81.82,S1784620800000,
2026-07-21T17:11:50+00:00,1784653200000,Monero,1h,short_created,short,347.15,348.98,347.2,S1784646000000,
2026-07-21T17:11:51+00:00,1784649600000,Rohoel,8h,short_created,short,84.48,83.02,81.82,S1784620800000,
2026-07-21T20:04:55+00:00,1784663999999,NEAR,4h,short_created,short,1.935,2.002,1.948,S1784649599999,
2026-07-21T20:04:56+00:00,1784663999999,NEAR,4h,short_entry,short,1.935,2.002,1.948,S1784649599999,
2026-07-21T20:04:56+00:00,1784660400000,Gold,1h,short_created,short,4089.14,4077.47,4071.67,S1784656800000,
2026-07-21T20:04:57+00:00,1784664000000,Take-Two,4h,long_created,long,236.44,240.67,239.4,L1784620800000,
2026-07-21T20:04:58+00:00,1784660400000,SpaceX,1h,short_created,short,123.49,129.13,127.54,S1784656800000,
2026-07-21T20:04:59+00:00,1784660400000,SpaceX,1h,short_entry,short,123.49,129.13,127.54,S1784656800000,
2026-07-21T21:21:35+00:00,1784667600000,Apple,1h,short_created,short,325.44,328.58,327.62,S1784664000000,
2026-07-21T21:21:36+00:00,1784667600000,Apple,1h,short_entry,short,325.44,328.58,327.62,S1784664000000,
2026-07-21T21:21:37+00:00,1784667600000,Google,1h,long_created,long,348.12,350.39,349.32,L1784653200000,
2026-07-21T22:15:25+00:00,1784671200000,Microsoft,1h,long_created,long,397.21,400.12,398.66,L1784656800000,
2026-07-21T23:12:56+00:00,1784674800000,Amazon,1h,long_created,long,246.98,248.9,248.12,L1784656800000,
2026-07-22T00:06:06+00:00,1784678399999,ETH,1d,short_created,short,1930.09,1871.08,1803.05,S1784332799999,
2026-07-22T00:06:06+00:00,1784678399999,BNB,1h,long_created,long,573.95,573.99,572.6,L1784671199999,
2026-07-22T00:06:07+00:00,1784678399999,XLM,8h,short_created,short,0.1922,0.1903,0.1873,S1784591999999,
2026-07-22T00:06:08+00:00,1784678400000,Amazon,4h,long_created,long,247.02,251.16,250.29,L1784620800000,
2026-07-22T00:06:08+00:00,1784678400000,Take-Two,1h,long_created,long,235.82,237.44,236.31,L1784656800000,
2026-07-22T03:36:50+00:00,1784681999999,DOGE,1h,short_created,short,0.07345,0.07339,0.07305,S1784674799999,
2026-07-22T03:36:51+00:00,1784681999999,AVAX,1h,long_created,long,6.595,6.573,6.524,L1784678399999,
2026-07-22T03:36:51+00:00,1784681999999,AVAX,1h,long_entry,long,6.595,6.573,6.524,L1784678399999,
2026-07-22T06:13:15+00:00,1784699999999,SOL,1h,long_created,long,77.43,78.23,77.83,L1784696399999,
2026-07-22T06:13:30+00:00,1784696399999,LINK,1h,short_created,short,8.632,8.716,8.677,S1784692799999,
2026-07-22T06:13:31+00:00,1784696399999,NEAR,1h,long_created,long,1.908,1.954,1.933,L1784681999999,
2026-07-22T08:44:05+00:00,1784703599999,ETH,1h,long_created,long,1914.44,1939.4,1928.11,L1784696399999,
2026-07-22T08:44:06+00:00,1784707200000,Gold,8h,short_created,short,4113.53,4023.49,4005.31,S1784592000000,
2026-07-22T08:44:07+00:00,1784707200000,HYPE,8h,long_created,long,58.529,63.417,62.25,L1784620800000,
2026-07-22T10:51:23+00:00,1784710799999,LINK,1h,long_created,long,8.618,8.747,8.683,L1784696399999,
2026-07-22T12:17:28+00:00,1784717999999,XRP,1h,long_created,long,1.1387,1.1366,1.1325,L1784714399999,
2026-07-22T12:17:29+00:00,1784721599999,TRX,1h,short_created,short,0.33,0.329,0.3288,S1784703599999,
2026-07-22T12:17:29+00:00,1784717999999,SUI,1h,long_created,long,0.7602,0.7608,0.7577,L1784714399999,
2026-07-22T14:25:58+00:00,1784725200000,Apple,1h,short_created,short,325.93,327.72,326.78,S1784714400000,
2026-07-22T14:25:59+00:00,1784728800000,Google,1h,long_created,long,348.59,350.07,349.39,L1784714400000,
2026-07-22T14:26:00+00:00,1784728800000,SpaceX,1h,long_created,long,123.84,124.62,123.67,L1784710800000,
2026-07-22T14:26:00+00:00,1784725200000,Nvidia,1h,long_created,long,207.78,206.02,205.37,L1784718000000,
2026-07-22T14:26:01+00:00,1784728800000,Nvidia,1h,short_created,short,207.78,206.09,204.94,S1784721600000,
2026-07-22T15:56:48+00:00,1784732399999,ETH,1h,short_created,short,1933.2,1927.45,1913.26,S1784725199999,
2026-07-22T15:56:49+00:00,1784732399999,LINK,1h,short_created,short,8.653,8.644,8.575,S1784725199999,
2026-07-22T17:09:56+00:00,1784735999999,ETH,4h,short_created,short,1943.03,1939.4,1910.68,S1784707199999,
2026-07-22T17:09:57+00:00,1784739599999,BTC,1h,long_created,long,66229.01,66125.0,65793.98,L1784735999999,
2026-07-22T17:09:58+00:00,1784735999999,SOL,1h,short_created,short,78.58,77.57,77.02,S1784725199999,
2026-07-22T17:09:58+00:00,1784735999999,NEAR,8h,long_created,long,1.89,2.066,1.972,L1784620799999,
2026-07-22T17:09:59+00:00,1784736000000,Silber,8h,short_created,short,60.33,59.18,58.74,S1784678400000,
2026-07-22T17:10:00+00:00,1784736000000,Microsoft,4h,long_created,long,389.97,400.49,398.55,L1784721600000,
2026-07-22T17:10:00+00:00,1784739600000,HYPE,1h,long_created,long,58.221,58.945,58.119,L1784728800000,
2026-07-22T17:10:01+00:00,1784736000000,Microsoft,8h,long_created,long,389.97,400.43,395.95,L1784707200000,
2026-07-22T18:20:39+00:00,1784743199999,SUI,1h,short_created,short,0.7703,0.7603,0.7564,S1784725199999,
2026-07-22T18:20:40+00:00,1784743199999,TRX,1h,long_created,long,0.3288,0.3287,0.3282,L1784739599999,
2026-07-22T18:20:41+00:00,1784743199999,TRX,1h,long_entry,long,0.3288,0.3287,0.3282,L1784739599999,
2026-07-22T18:20:42+00:00,1784743200000,Silber,1h,short_created,short,60.05,60.37,59.98,S1784739600000,
2026-07-22T18:20:43+00:00,1784743200000,Silber,1h,short_entry,short,60.05,60.37,59.98,S1784739600000,
2026-07-22T18:20:44+00:00,1784743200000,HYPE,1h,short_created,short,59.004,58.819,58.011,S1784736000000,
2026-07-22T19:49:09+00:00,1784746800000,Apple,1h,long_created,long,324.36,327.59,326.64,L1784721600000,
2026-07-22T19:49:10+00:00,1784746800000,Gold,1h,short_created,short,4139.66,4150.86,4141.81,S1784743200000,
2026-07-22T19:49:10+00:00,1784746800000,Gold,1h,short_entry,short,4139.66,4150.86,4141.81,S1784743200000,
2026-07-22T20:48:32+00:00,1784750399999,ADA,4h,short_created,short,0.1746,0.1744,0.1704,S1784707199999,
2026-07-22T20:48:33+00:00,1784750399999,ADA,1h,short_created,short,0.1746,0.1784,0.1755,S1784746799999,
2026-07-22T20:48:34+00:00,1784750399999,ADA,1h,short_entry,short,0.1746,0.1784,0.1755,S1784746799999,
2026-07-22T20:48:36+00:00,1784750399999,SUI,4h,short_created,short,0.7662,0.7676,0.7527,S1784707199999,
2026-07-22T21:52:48+00:00,1784753999999,NEAR,1h,long_created,long,1.871,1.901,1.881,L1784739599999,
2026-07-22T21:52:49+00:00,1784754000000,Google,1h,short_created,short,329.61,346.67,342.21,S1784750400000,
2026-07-22T22:44:27+00:00,1784757599999,XLM,1h,long_created,long,0.1884,0.1923,0.1897,L1784739599999,
2026-07-23T01:11:20+00:00,1784764800000,Nvidia,8h,short_created,short,212.11,206.87,204.85,S1784707200000,
2026-07-23T01:11:20+00:00,1784764800000,Nvidia,1d,short_created,short,212.11,207.79,202.4,S1784592000000,
2026-07-23T01:11:21+00:00,1784764800000,SpaceX,1d,long_created,long,116.19,129.81,120.13,L1784678400000,
2026-07-23T04:31:09+00:00,1784775599999,XRP,1h,long_created,long,1.1338,1.1426,1.138,L1784757599999,
2026-07-23T04:31:10+00:00,1784779199999,DOGE,1h,long_created,long,0.07236,0.07309,0.0728,L1784761199999,
2026-07-23T07:07:10+00:00,1784786399999,ETH,1h,long_created,long,1925.39,1939.7,1926.76,L1784757599999,
2026-07-23T07:07:11+00:00,1784790000000,Rohoel,1h,short_created,short,88.6,88.43,87.89,S1784782800000,
2026-07-23T09:32:11+00:00,1784797199999,BTC,1h,long_created,long,65633.0,65821.17,65625.2,L1784789999999,
2026-07-23T09:32:12+00:00,1784793599999,BNB,1h,long_created,long,570.49,570.58,569.34,L1784789999999,
2026-07-23T09:32:13+00:00,1784797199999,SOL,1h,long_created,long,77.47,77.59,77.37,L1784789999999,
2026-07-23T09:32:14+00:00,1784797199999,ADA,1h,long_created,long,0.1739,0.1755,0.1737,L1784782799999,
2026-07-23T09:32:15+00:00,1784797200000,Microsoft,1h,long_created,long,386.73,389.72,389.03,L1784786400000,
2026-07-23T09:32:22+00:00,1784793600000,Nvidia,1h,long_created,long,211.74,212.47,211.31,L1784782800000,
2026-07-23T09:32:25+00:00,1784797200000,Take-Two,1h,short_created,short,234.44,233.85,233.09,S1784793600000,
2026-07-23T11:26:04+00:00,1784804399999,TRX,1h,long_created,long,0.3283,0.3292,0.3289,L1784789999999,
2026-07-23T11:26:05+00:00,1784800800000,Amazon,1h,long_created,long,240.94,243.0,242.56,L1784772000000,
2026-07-23T11:26:05+00:00,1784804400000,Monero,1h,short_created,short,353.24,353.0,350.55,S1784793600000,
2026-07-23T12:55:28+00:00,1784807999999,XLM,4h,long_created,long,0.1848,0.1885,0.1857,L1784764799999,
2026-07-23T12:55:30+00:00,1784808000000,Google,1h,long_created,long,325.65,333.83,332.48,L1784790000000,
2026-07-23T15:01:12+00:00,1784811599999,SUI,1h,long_created,long,0.7505,0.7755,0.7694,L1784797199999,
2026-07-23T15:01:13+00:00,1784811599999,NEAR,1h,short_created,short,1.883,1.876,1.858,S1784793599999,
2026-07-23T15:01:14+00:00,1784815200000,Microsoft,1h,short_created,short,379.84,389.57,387.62,S1784811600000,
2026-07-23T15:01:14+00:00,1784811600000,Monero,1h,long_created,long,350.67,357.44,353.77,L1784800800000,
2026-07-23T16:39:39+00:00,1784822399999,BNB,4h,long_created,long,567.66,571.51,568.91,L1784807999999,
2026-07-23T16:39:40+00:00,1784822399999,ADA,4h,long_created,long,0.1705,0.1759,0.1726,L1784807999999,
2026-07-23T16:39:41+00:00,1784822399999,TRX,8h,short_created,short,0.3266,0.3305,0.328,S1784735999999,
2026-07-23T16:39:41+00:00,1784822399999,TRX,8h,short_entry,short,0.3266,0.3305,0.328,S1784735999999,
2026-07-23T16:39:42+00:00,1784822399999,XLM,8h,long_created,long,0.1825,0.1917,0.1881,L1784735999999,
2026-07-23T16:39:43+00:00,1784822400000,SpaceX,1h,long_created,long,114.77,116.95,116.33,L1784804400000,
2026-07-23T19:15:53+00:00,1784833200000,HYPE,1h,long_created,long,58.385,59.985,58.914,L1784818800000,
2026-07-23T21:37:02+00:00,1784840400000,Monero,1h,short_created,short,356.9,350.74,345.36,S1784811600000,
2026-07-23T22:34:24+00:00,1784844000000,SpaceX,1h,short_created,short,116.66,119.09,117.16,S1784840400000,
2026-07-23T22:34:25+00:00,1784844000000,SpaceX,1h,short_entry,short,116.66,119.09,117.16,S1784840400000,
2026-07-24T00:57:17+00:00,1784851199999,XRP,1d,short_created,short,1.1077,1.1574,1.1288,S1784764799999,
2026-07-24T00:57:17+00:00,1784851199999,ADA,8h,short_created,short,0.1685,0.1759,0.1681,S1784822399999,
2026-07-24T00:57:18+00:00,1784851199999,ADA,8h,short_entry,short,0.1685,0.1759,0.1681,S1784822399999,
2026-07-24T00:57:19+00:00,1784851200000,HYPE,4h,long_created,long,57.459,60.034,58.808,L1784822400000,
2026-07-24T04:10:24+00:00,1784861999999,SOL,1h,long_created,long,75.83,76.25,75.86,L1784847599999,
2026-07-24T04:10:34+00:00,1784858400000,Gold,1h,long_created,long,4034.22,4055.71,4045.62,L1784854800000,
2026-07-24T06:37:30+00:00,1784869199999,BNB,1h,short_created,short,567.64,568.43,566.56,S1784861999999,
2026-07-24T06:37:31+00:00,1784869199999,NEAR,1h,short_created,short,1.902,1.9,1.876,S1784861999999,
2026-07-24T09:07:27+00:00,1784876399999,XRP,1h,short_created,short,1.1118,1.1116,1.1062,S1784869199999,
2026-07-24T09:07:28+00:00,1784879999999,ADA,1h,long_created,long,0.1679,0.1673,0.1665,L1784876399999,
2026-07-24T09:07:29+00:00,1784879999999,ADA,1h,long_entry,long,0.1679,0.1673,0.1665,L1784876399999,
2026-07-24T09:07:29+00:00,1784876399999,XLM,1h,short_created,short,0.1837,0.1827,0.1816,S1784861999999,
2026-07-24T09:07:30+00:00,1784880000000,Take-Two,8h,long_created,long,232.92,231.48,229.5,L1784851200000,
2026-07-24T09:07:31+00:00,1784883600000,Monero,1h,short_created,short,357.08,358.0,355.59,S1784876400000,
2026-07-24T09:07:31+00:00,1784883600000,Monero,1h,long_created,long,357.08,360.0,355.27,L1784880000000,
2026-07-24T11:08:05+00:00,1784887199999,LINK,1h,short_created,short,8.475,8.564,8.515,S1784883599999,
2026-07-24T11:08:05+00:00,1784887199999,LINK,1h,short_entry,short,8.475,8.564,8.515,S1784883599999,
2026-07-24T11:08:06+00:00,1784887200000,Google,1h,short_created,short,320.22,319.33,318.48,S1784872800000,
2026-07-24T14:24:41+00:00,1784897999999,BNB,1h,long_created,long,558.9,567.0,565.18,L1784894399999,
2026-07-24T14:24:48+00:00,1784901600000,Apple,1h,short_created,short,326.84,322.68,321.62,S1784898000000,
2026-07-24T14:24:49+00:00,1784901600000,Microsoft,1h,short_created,short,381.96,387.12,386.26,S1784898000000,
2026-07-24T14:24:50+00:00,1784901600000,Microsoft,1h,long_created,long,381.96,387.16,385.85,L1784894400000,
2026-07-24T14:24:50+00:00,1784901600000,SpaceX,1h,short_created,short,114.19,118.27,116.79,S1784898000000,
2026-07-24T15:51:08+00:00,1784905199999,ETH,1h,long_created,long,1862.9,1884.71,1876.71,L1784894399999,
2026-07-24T15:51:10+00:00,1784905199999,DOGE,1h,long_created,long,0.06889,0.07008,0.06965,L1784887199999,
2026-07-24T15:51:11+00:00,1784905200000,Nvidia,1h,long_created,long,209.63,208.81,208.03,L1784894400000,
2026-07-24T15:51:12+00:00,1784905200000,Take-Two,1h,long_created,long,232.26,233.34,232.33,L1784887200000,
2026-07-24T17:15:25+00:00,1784908799999,DOGE,4h,long_created,long,0.06921,0.07016,0.06894,L1784879999999,
2026-07-24T17:15:26+00:00,1784908799999,TRX,4h,short_created,short,0.3303,0.3275,0.3262,S1784822399999,
2026-07-24T17:15:27+00:00,1784908800000,Apple,8h,long_created,long,333.02,321.98,319.95,L1784851200000,
2026-07-24T17:15:28+00:00,1784908800000,Apple,8h,long_entry,long,333.02,321.98,319.95,L1784851200000,
2026-07-24T17:15:29+00:00,1784912400000,Amazon,1h,long_created,long,233.7,233.45,231.56,L1784905200000,
2026-07-24T17:15:30+00:00,1784912400000,Amazon,1h,long_entry,long,233.7,233.45,231.56,L1784905200000,
2026-07-24T17:15:31+00:00,1784908800000,Amazon,4h,long_created,long,233.38,235.53,234.36,L1784894400000,
2026-07-24T17:15:34+00:00,1784908800000,HYPE,1h,short_created,short,58.716,58.595,58.214,S1784898000000,
2026-07-24T17:15:35+00:00,1784908800000,Nvidia,4h,long_created,long,210.35,208.81,206.96,L1784894400000,
2026-07-24T18:46:13+00:00,1784915999999,AVAX,1h,long_created,long,6.224,6.285,6.225,L1784887199999,
2026-07-24T18:46:15+00:00,1784916000000,Rohoel,1h,long_created,long,89.08,90.54,89.16,L1784901600000,
2026-07-24T20:03:40+00:00,1784923199999,BNB,4h,long_created,long,565.16,571.31,566.81,L1784879999999,
2026-07-24T20:03:41+00:00,1784923200000,Nvidia,1h,long_created,long,207.07,210.47,208.78,L1784908800000,
2026-07-24T20:03:41+00:00,1784923200000,Take-Two,1h,short_created,short,232.33,232.66,231.79,S1784912400000,
2026-07-24T22:17:52+00:00,1784930399999,SOL,1h,long_created,long,73.63,74.15,73.86,L1784915999999,
2026-07-25T00:18:15+00:00,1784937599999,BNB,8h,long_created,long,564.9,571.31,565.92,L1784879999999,
2026-07-25T00:18:16+00:00,1784937599999,AVAX,1d,long_created,long,6.304,6.664,6.464,L1784764799999,
2026-07-25T00:18:17+00:00,1784937600000,HYPE,4h,long_created,long,57.414,59.229,57.89,L1784908800000,
2026-07-25T00:18:18+00:00,1784937600000,SpaceX,4h,long_created,long,113.61,115.18,111.93,L1784923200000,
2026-07-25T03:42:14+00:00,1784948399999,NEAR,1h,long_created,long,1.801,1.82,1.804,L1784933999999,
2026-07-25T03:42:14+00:00,1784944800000,Amazon,1h,long_created,long,231.5,232.64,231.68,L1784923200000,
2026-07-25T06:05:49+00:00,1784951999999,BNB,1h,short_created,short,565.0,565.25,563.6,S1784930399999,
2026-07-25T08:21:04+00:00,1784962799999,LINK,1h,long_created,long,8.299,8.349,8.333,L1784951999999,
2026-07-25T10:03:05+00:00,1784973600000,Gold,1h,long_created,long,4058.62,4060.27,4058.93,L1784966400000,
2026-07-25T14:05:34+00:00,1784987999999,BTC,1h,short_created,short,64172.0,64113.0,64047.09,S1784980799999,
2026-07-25T14:05:34+00:00,1784984399999,ADA,1h,long_created,long,0.1636,0.1627,0.162,L1784980799999,
2026-07-25T14:05:35+00:00,1784984399999,ADA,1h,long_entry,long,0.1636,0.1627,0.162,L1784980799999,
2026-07-25T14:05:36+00:00,1784980799999,LINK,4h,long_created,long,8.318,8.58,8.419,L1784879999999,
2026-07-25T14:05:36+00:00,1784980800000,Amazon,1h,long_created,long,232.1,231.6,231.52,L1784973600000,
2026-07-25T14:05:37+00:00,1784980800000,SpaceX,1h,long_created,long,110.94,114.19,113.21,L1784966400000,
2026-07-25T14:05:38+00:00,1784984400000,Take-Two,1h,short_created,short,235.93,235.59,235.31,S1784977200000,
2026-07-25T14:05:41+00:00,1784988000000,Google,1h,long_created,long,318.47,319.64,318.69,L1784984400000,
2026-07-25T15:07:08+00:00,1784991600000,Amazon,1h,short_created,short,232.08,231.54,231.28,S1784977200000,
2026-07-25T16:11:28+00:00,1784995199999,DOGE,8h,long_created,long,0.0712,0.06975,0.06855,L1784937599999,
2026-07-25T16:11:29+00:00,1784995199999,DOGE,8h,long_entry,long,0.0712,0.06975,0.06855,L1784937599999,
2026-07-25T16:11:30+00:00,1784995199999,AVAX,8h,long_created,long,6.58,6.315,6.175,L1784937599999,
2026-07-25T16:11:31+00:00,1784995200000,Monero,1h,long_created,long,364.12,370.35,367.55,L1784991600000,
2026-07-25T18:07:22+00:00,1785002399999,SUI,1h,short_created,short,0.7142,0.7068,0.7038,S1784980799999,
2026-07-25T20:24:59+00:00,1785009600000,Google,4h,long_created,long,319.25,321.02,320.01,L1784966400000,
2026-07-25T21:14:01+00:00,1785013199999,ADA,1h,short_created,short,0.1647,0.166,0.1653,S1785009599999,
2026-07-25T22:09:57+00:00,1785016799999,BNB,1h,short_created,short,568.86,569.07,568.28,S1785013199999,
2026-07-26T00:10:34+00:00,1785023999999,DOGE,1d,long_created,long,0.07172,0.07016,0.0682,L1784937599999,
2026-07-26T00:10:35+00:00,1785023999999,XLM,1d,long_created,long,0.1781,0.1964,0.1866,L1784678399999,
2026-07-26T00:10:36+00:00,1785024000000,Google,8h,long_created,long,320.04,321.02,318.07,L1784966400000,
2026-07-26T03:51:54+00:00,1785031199999,BTC,1h,short_created,short,64527.56,64429.38,64363.0,S1785023999999,
2026-07-26T03:51:55+00:00,1785031200000,Google,1h,short_created,short,320.09,320.46,319.71,S1785024000000,
2026-07-26T03:51:56+00:00,1785034799999,XLM,1h,long_created,long,0.1777,0.1786,0.178,L1785027599999,
2026-07-26T03:51:56+00:00,1785034800000,Monero,1h,short_created,short,368.07,365.13,363.84,S1785024000000,
2026-07-26T06:26:29+00:00,1785045599999,DOGE,1h,short_created,short,0.0734,0.07203,0.07168,S1785023999999,
2026-07-26T06:26:30+00:00,1785042000000,Apple,1h,short_created,short,332.5,332.77,332.22,S1785034800000,
2026-07-26T08:44:02+00:00,1785049199999,XRP,1h,long_created,long,1.0989,1.1045,1.0994,L1785041999999,
2026-07-26T08:44:03+00:00,1785052799999,DOGE,4h,short_created,short,0.07327,0.07297,0.07168,S1785023999999,
2026-07-26T08:44:03+00:00,1785052799999,DOGE,8h,short_created,short,0.07327,0.06982,0.06923,S1784966399999,
2026-07-26T08:44:04+00:00,1785052799999,LINK,1h,short_created,short,8.423,8.46,8.429,S1785045599999,
2026-07-26T08:44:05+00:00,1785049200000,Gold,1h,short_created,short,4066.21,4067.0,4064.0,S1785045600000,
2026-07-26T08:44:06+00:00,1785052800000,Monero,8h,short_created,short,363.07,371.76,363.27,S1784995200000,
2026-07-26T10:23:03+00:00,1785059999999,SUI,1h,short_created,short,0.7167,0.7204,0.7173,S1785056399999,
2026-07-26T10:23:03+00:00,1785056400000,HYPE,1h,short_created,short,58.675,58.785,58.555,S1785052800000,
2026-07-26T10:23:04+00:00,1785056400000,HYPE,1h,short_entry,short,58.675,58.785,58.555,S1785052800000,
2026-07-26T10:23:05+00:00,1785056400000,Monero,1h,long_created,long,362.54,365.95,363.98,L1785049200000,
2026-07-26T14:15:09+00:00,1785070799999,BTC,1h,short_created,short,64518.0,64535.99,64495.17,S1785067199999,
2026-07-26T14:15:09+00:00,1785070799999,ETH,1h,short_created,short,1886.62,1887.89,1884.78,S1785067199999,
2026-07-26T14:15:10+00:00,1785070799999,LINK,1h,short_created,short,8.458,8.424,8.404,S1785056399999,
2026-07-26T14:15:11+00:00,1785070800000,Apple,1h,short_created,short,332.84,332.8,332.54,S1785067200000,
2026-07-26T14:15:12+00:00,1785074399999,XLM,1h,short_created,short,0.1784,0.1783,0.1774,S1785067199999,
2026-07-26T15:29:45+00:00,1785078000000,Silber,1h,short_created,short,58.96,59.03,58.91,S1785067200000,
2026-07-26T15:29:47+00:00,1785078000000,Nvidia,1h,long_created,long,208.0,207.9,207.8,L1785074400000,
2026-07-26T16:29:59+00:00,1785081600000,Monero,1h,long_created,long,362.69,365.66,361.84,L1785063600000,
2026-07-26T17:32:54+00:00,1785085199999,XRP,1h,short_created,short,1.1031,1.0988,1.0962,S1785074399999,
2026-07-26T19:47:00+00:00,1785092400000,Google,1h,short_created,short,321.17,321.39,320.15,S1785078000000,
2026-07-26T20:39:15+00:00,1785096000000,Gold,1h,short_created,short,4072.47,4075.27,4072.05,S1785088800000,
2026-07-26T20:39:16+00:00,1785096000000,Gold,1h,short_entry,short,4072.47,4075.27,4072.05,S1785088800000,
2026-07-26T20:39:16+00:00,1785096000000,Nvidia,1h,short_created,short,208.38,208.22,207.8,S1785070800000,
2026-07-26T23:33:10+00:00,1785106799999,SUI,1h,short_created,short,0.7221,0.7135,0.7108,S1785095999999,
2026-07-26T23:33:11+00:00,1785106800000,Microsoft,1h,short_created,short,385.03,384.41,383.98,S1785103200000,
2026-07-27T01:12:26+00:00,1785110399999,ETH,4h,short_created,short,1954.72,1928.08,1908.75,S1785095999999,
2026-07-27T01:12:41+00:00,1785110399999,ETH,8h,short_created,short,1954.72,1864.69,1854.61,S1784966399999,
2026-07-27T01:12:42+00:00,1785113999999,BNB,1h,short_created,short,572.61,576.5,573.74,S1785110399999,
2026-07-27T01:12:44+00:00,1785110399999,ADA,1h,short_created,short,0.1654,0.1646,0.1642,S1785099599999,
2026-07-27T01:12:45+00:00,1785113999999,TRX,1h,short_created,short,0.3318,0.3324,0.3319,S1785103199999,
2026-07-27T01:12:46+00:00,1785114000000,HYPE,1h,short_created,short,59.325,59.887,59.53,S1785110400000,
2026-07-27T01:12:47+00:00,1785114000000,HYPE,1h,short_entry,short,59.325,59.887,59.53,S1785110400000,
2026-07-27T04:51:08+00:00,1785121199999,XRP,1h,short_created,short,1.1074,1.1103,1.1025,S1785117599999,
2026-07-27T04:51:09+00:00,1785124799999,XRP,4h,short_created,short,1.1074,1.1069,1.1008,S1785095999999,
2026-07-27T04:51:10+00:00,1785124800000,Google,4h,short_created,short,322.63,322.95,320.64,S1785096000000,
2026-07-27T04:51:10+00:00,1785117600000,Rohoel,1h,long_created,long,85.22,84.91,84.01,L1785114000000,
2026-07-27T04:51:11+00:00,1785117600000,Rohoel,1h,long_entry,long,85.22,84.91,84.01,L1785114000000,
2026-07-27T08:17:37+00:00,1785135599999,BTC,1h,short_created,short,65221.99,65500.0,65242.69,S1785128399999,
2026-07-27T08:17:38+00:00,1785131999999,ETH,1h,short_created,short,1964.36,1949.15,1941.48,S1785121199999,
2026-07-27T08:17:39+00:00,1785135599999,BNB,1h,short_created,short,574.76,574.69,573.09,S1785128399999,
2026-07-27T08:17:40+00:00,1785135599999,DOGE,1h,short_created,short,0.07286,0.07314,0.07268,S1785128399999,
2026-07-27T08:17:41+00:00,1785139199999,ADA,4h,short_created,short,0.165,0.1661,0.1646,S1785124799999,
2026-07-27T08:17:42+00:00,1785135599999,ADA,1h,short_created,short,0.165,0.1665,0.1651,S1785128399999,
2026-07-27T08:17:43+00:00,1785139199999,LINK,1h,short_created,short,8.811,8.916,8.824,S1785135599999,
2026-07-27T08:17:43+00:00,1785139199999,LINK,1h,short_entry,short,8.811,8.916,8.824,S1785135599999,
2026-07-27T08:17:44+00:00,1785139199999,AVAX,8h,short_created,short,6.682,6.786,6.645,S1785081599999,
2026-07-27T08:17:45+00:00,1785139200000,Google,1h,short_created,short,324.37,324.53,323.84,S1785135600000,
2026-07-27T11:43:00+00:00,1785142799999,DOGE,1h,long_created,long,0.07281,0.07355,0.07297,L1785135599999,
2026-07-27T11:43:00+00:00,1785149999999,AVAX,1h,long_created,long,6.651,6.746,6.692,L1785135599999,
2026-07-27T11:43:01+00:00,1785150000000,Rohoel,1h,long_created,long,83.27,84.54,83.34,L1785139200000,
2026-07-27T13:58:02+00:00,1785157199999,BNB,1h,long_created,long,573.59,574.26,572.09,L1785149999999,
2026-07-27T13:58:04+00:00,1785157199999,XRP,1h,long_created,long,1.105,1.1092,1.1039,L1785146399999,
2026-07-27T13:58:05+00:00,1785157199999,SOL,1h,short_created,short,76.86,76.69,76.48,S1785153599999,
2026-07-27T13:58:06+00:00,1785153599999,LINK,4h,short_created,short,8.756,8.833,8.723,S1785124799999,
2026-07-27T16:15:17+00:00,1785164399999,BTC,1h,long_created,long,64554.01,65718.0,64913.12,L1785160799999,
2026-07-27T16:15:18+00:00,1785160799999,ADA,1h,long_created,long,0.158,0.1659,0.1651,L1785149999999,
2026-07-27T16:15:19+00:00,1785167999999,LINK,8h,short_created,short,8.577,8.916,8.723,S1785139199999,
2026-07-27T16:15:21+00:00,1785164399999,NEAR,1h,short_created,short,1.773,1.835,1.809,S1785160799999,
2026-07-27T16:15:21+00:00,1785164399999,NEAR,1h,short_entry,short,1.773,1.835,1.809,S1785160799999,
2026-07-27T16:15:22+00:00,1785168000000,Gold,4h,short_created,short,4082.92,4109.4,4089.23,S1785139200000,
2026-07-27T16:15:23+00:00,1785164400000,Silber,1h,long_created,long,58.71,59.53,59.16,L1785142800000,
2026-07-27T16:15:24+00:00,1785168000000,Apple,1h,short_created,short,337.04,334.82,333.82,S1785157200000,
2026-07-27T16:15:25+00:00,1785160800000,Take-Two,1h,short_created,short,240.62,236.6,235.58,S1785153600000,
2026-07-27T16:15:25+00:00,1785160800000,SpaceX,1h,short_created,short,111.69,115.04,112.82,S1785157200000,
2026-07-27T16:15:26+00:00,1785168000000,SpaceX,1h,long_created,long,111.69,111.93,108.72,L1785164400000,
2026-07-27T16:15:27+00:00,1785168000000,SpaceX,1h,long_entry,long,111.69,111.93,108.72,L1785164400000,
2026-07-27T16:15:28+00:00,1785168000000,SpaceX,8h,long_created,long,111.69,114.88,112.39,L1785139200000,
2026-07-27T16:15:28+00:00,1785168000000,SpaceX,4h,long_created,long,111.69,116.08,114.23,L1785153600000,
2026-07-27T17:56:26+00:00,1785171599999,SUI,1h,long_created,long,0.7048,0.7205,0.7112,L1785160799999,
2026-07-27T17:56:27+00:00,1785171600000,Monero,1h,long_created,long,347.03,354.23,351.01,L1785153600000,
2026-07-27T19:14:58+00:00,1785175200000,Amazon,1h,long_created,long,232.92,235.54,234.82,L1785157200000,
2026-07-27T19:14:59+00:00,1785178800000,Rohoel,1h,long_created,long,82.21,84.53,83.71,L1785160800000,
2026-07-27T20:43:44+00:00,1785182399999,SUI,4h,long_created,long,0.7044,0.726,0.7109,L1785110399999,
2026-07-27T20:43:45+00:00,1785182399999,XLM,4h,long_created,long,0.1773,0.1834,0.1786,L1785110399999,
2026-07-27T20:43:46+00:00,1785182400000,HYPE,1h,long_created,long,57.27,57.923,57.211,L1785171600000,
2026-07-27T20:43:47+00:00,1785182400000,HYPE,4h,long_created,long,57.27,60.5,59.832,L1785139200000,
2026-07-27T20:43:48+00:00,1785182400000,Monero,4h,long_created,long,350.86,354.23,347.09,L1785153600000,
2026-07-27T23:44:59+00:00,1785193199999,BNB,1h,long_created,long,566.5,576.11,574.65,L1785182399999,
2026-07-28T01:05:55+00:00,1785196799999,BTC,4h,long_created,long,63755.86,65090.0,64517.78,L1785182399999,
2026-07-28T01:05:56+00:00,1785196799999,BTC,8h,long_created,long,63755.86,65577.0,64631.57,L1785110399999,
2026-07-28T01:05:56+00:00,1785196799999,ADA,1d,long_created,long,0.1556,0.1667,0.1641,L1785110399999,
2026-07-28T01:05:57+00:00,1785196800000,Apple,1d,short_created,short,337.24,333.54,331.68,S1785024000000,
2026-07-28T01:05:58+00:00,1785200400000,Amazon,1h,long_created,long,231.32,231.7,231.3,L1785196800000,
2026-07-28T04:19:55+00:00,1785211200000,Amazon,4h,long_created,long,231.34,232.04,231.3,L1785196800000,
2026-07-28T04:19:55+00:00,1785211200000,Take-Two,1h,short_created,short,244.33,243.27,242.4,S1785200400000,
2026-07-28T09:26:23+00:00,1785225599999,XRP,1h,long_created,long,1.0566,1.0607,1.056,L1785221999999,
2026-07-28T09:26:24+00:00,1785225600000,Silber,8h,long_created,long,57.52,59.94,58.93,L1785110400000,
2026-07-28T09:26:25+00:00,1785225600000,Silber,4h,long_created,long,57.52,59.94,58.93,L1785110400000,
2026-07-28T09:26:26+00:00,1785225600000,Amazon,8h,long_created,long,232.08,236.05,233.59,L1785139200000,
2026-07-28T11:33:07+00:00,1785236399999,XLM,1h,long_created,long,0.1712,0.1731,0.172,L1785221999999,
2026-07-28T13:13:18+00:00,1785239999999,LINK,1h,long_created,long,8.339,8.32,8.293,L1785236399999,
2026-07-28T13:13:24+00:00,1785243599999,NEAR,1h,long_created,long,1.663,1.685,1.675,L1785229199999,
2026-07-28T13:13:24+00:00,1785240000000,Gold,4h,long_created,long,4032.49,4098.33,4075.56,L1785182400000,
2026-07-28T13:13:27+00:00,1785240000000,Apple,1h,short_created,short,339.26,339.04,338.52,S1785236400000,
2026-07-28T13:13:28+00:00,1785240000000,Monero,1h,long_created,long,341.29,344.95,341.32,L1785232800000,
2026-07-28T15:33:58+00:00,1785250799999,SOL,1h,long_created,long,73.43,73.46,73.12,L1785243599999,
2026-07-28T15:34:00+00:00,1785247199999,ETH,1h,long_created,long,1888.95,1893.34,1874.63,L1785243599999,
2026-07-28T15:34:01+00:00,1785247199999,DOGE,1h,long_created,long,0.06999,0.07019,0.06994,L1785243599999,
2026-07-28T15:34:01+00:00,1785247199999,BTC,1h,long_created,long,63412.45,63570.0,63364.96,L1785243599999,
2026-07-28T15:34:02+00:00,1785247199999,SUI,1h,long_created,long,0.6843,0.6864,0.682,L1785243599999,
2026-07-28T15:34:03+00:00,1785247200000,Silber,1h,long_created,long,57.09,57.48,57.18,L1785240000000,
2026-07-28T15:34:04+00:00,1785247200000,Microsoft,1h,short_created,short,397.07,394.05,393.01,S1785236400000,
2026-07-28T15:34:05+00:00,1785250800000,Take-Two,1h,long_created,long,244.89,247.96,246.45,L1785243600000,
2026-07-28T15:34:05+00:00,1785250800000,SpaceX,1h,long_created,long,113.42,111.01,110.48,L1785236400000,
2026-07-28T15:34:06+00:00,1785247200000,Nvidia,1h,long_created,long,196.84,195.76,194.27,L1785240000000,
2026-07-28T17:03:44+00:00,1785254399999,SOL,8h,long_created,long,74.35,77.1,75.25,L1785110399999,
2026-07-28T17:03:45+00:00,1785254399999,SOL,4h,long_created,long,74.35,73.55,73.0,L1785225599999,
2026-07-28T17:03:46+00:00,1785254399999,LINK,4h,long_created,long,8.382,8.661,8.555,L1785182399999,
2026-07-28T17:03:47+00:00,1785254399999,LINK,8h,long_created,long,8.382,8.843,8.561,L1785110399999,
2026-07-28T17:03:48+00:00,1785254400000,Gold,8h,long_created,long,4050.67,4099.99,4072.05,L1785110400000,
2026-07-28T17:03:49+00:00,1785254400000,Amazon,1h,long_created,long,231.8,233.66,231.93,L1785240000000,
2026-07-28T17:03:50+00:00,1785254400000,SpaceX,4h,long_created,long,116.37,113.92,109.81,L1785182400000,
2026-07-28T23:17:50+00:00,1785279599999,XRP,1h,short_created,short,1.0634,1.0606,1.0556,S1785265199999,
2026-07-28T23:17:51+00:00,1785279599999,XLM,1h,short_created,short,0.1729,0.1729,0.1712,S1785261599999,
2026-07-29T00:08:25+00:00,1785283199999,SOL,1d,long_created,long,73.83,77.1,74.47,L1785110399999,
2026-07-29T00:08:25+00:00,1785283199999,XRP,1d,long_created,long,1.069,1.1167,1.0955,L1785110399999,
2026-07-29T00:08:26+00:00,1785283199999,ADA,8h,long_created,long,0.162,0.1594,0.1553,L1785254399999,
2026-07-29T00:08:27+00:00,1785283199999,ADA,8h,long_entry,long,0.162,0.1594,0.1553,L1785254399999,
2026-07-29T00:08:27+00:00,1785283200000,Google,1d,long_created,long,335.92,330.59,321.31,L1785196800000,
2026-07-29T00:08:28+00:00,1785283200000,Rohoel,1h,short_created,short,81.92,79.38,78.95,S1785272400000,
2026-07-29T00:08:29+00:00,1785283200000,Rohoel,8h,long_created,long,81.92,91.07,88.13,L1784937600000,
2026-07-29T03:33:19+00:00,1785286799999,BTC,1h,short_created,short,63979.96,64020.76,63768.47,S1785279599999,
2026-07-29T03:33:19+00:00,1785290400000,Silber,1h,short_created,short,57.74,57.47,57.19,S1785286800000,
2026-07-29T03:33:20+00:00,1785290400000,Monero,1h,short_created,short,344.83,341.12,340.0,S1785276000000,
2026-07-29T03:33:21+00:00,1785286800000,Nvidia,1h,short_created,short,196.22,197.44,195.72,S1785279600000,
2026-07-29T06:15:32+00:00,1785301199999,NEAR,1h,long_created,long,1.61,1.668,1.652,L1785286799999,
2026-07-29T06:15:33+00:00,1785301199999,AVAX,1h,long_created,long,6.425,6.58,6.525,L1785283199999,
2026-07-29T06:15:34+00:00,1785297600000,Apple,1h,short_created,short,340.64,341.52,340.3,S1785286800000,
2026-07-29T06:15:35+00:00,1785297600000,SpaceX,4h,short_created,short,114.31,111.58,109.36,S1785240000000,
2026-07-29T09:09:50+00:00,1785311999999,XRP,4h,long_created,long,1.0903,1.0825,1.0691,L1785297599999,8h
2026-07-29T09:09:51+00:00,1785311999999,XRP,8h,long_created,long,1.0903,1.0706,1.0554,L1785283199999,
2026-07-29T09:09:51+00:00,1785311999999,XRP,8h,long_entry,long,1.0903,1.0706,1.0554,L1785283199999,
2026-07-29T09:09:52+00:00,1785311999999,AVAX,4h,long_created,long,6.427,6.607,6.502,L1785268799999,
2026-07-29T09:09:56+00:00,1785312000000,Gold,1h,short_created,short,4042.58,4037.0,4028.21,S1785297600000,
2026-07-29T11:32:28+00:00,1785322800000,Microsoft,1h,long_created,long,395.66,398.42,396.21,L1785312000000,
2026-07-29T13:16:30+00:00,1785330000000,Gold,1h,long_created,long,4028.28,4040.9,4030.86,L1785326400000,
2026-07-29T13:16:31+00:00,1785330000000,Silber,1h,long_created,long,57.36,57.83,57.46,L1785326400000,
2026-07-29T13:16:32+00:00,1785330000000,Amazon,1h,long_created,long,230.88,231.94,231.52,L1785322800000,
2026-07-29T15:20:34+00:00,1785333600000,Google,1h,short_created,short,334.75,335.51,334.27,S1785319200000,
2026-07-29T15:20:35+00:00,1785333600000,Take-Two,1h,short_created,short,248.55,248.49,247.13,S1785330000000,
2026-07-29T15:20:35+00:00,1785333600000,Monero,1h,short_created,short,352.58,351.0,346.91,S1785322800000,
2026-07-29T16:41:03+00:00,1785340799999,TRX,8h,long_created,long,0.3265,0.3261,0.3245,L1785311999999,
2026-07-29T16:41:04+00:00,1785340799999,TRX,8h,long_entry,long,0.3265,0.3261,0.3245,L1785311999999,
2026-07-29T16:41:08+00:00,1785340800000,Gold,4h,long_created,long,4017.54,4051.98,4025.46,L1785312000000,
2026-07-29T17:53:27+00:00,1785344399999,XLM,1h,long_created,long,0.1716,0.1747,0.1735,L1785333599999,
2026-07-29T17:53:28+00:00,1785344400000,SpaceX,1h,short_created,short,116.54,113.39,111.33,S1785340800000,
2026-07-29T17:53:29+00:00,1785344400000,SpaceX,1h,long_created,long,116.54,116.69,115.66,L1785326400000,
2026-07-29T18:45:20+00:00,1785347999999,LINK,1h,long_created,long,8.344,8.3,8.246,L1785344399999,
2026-07-29T18:45:21+00:00,1785347999999,LINK,1h,long_entry,long,8.344,8.3,8.246,L1785344399999,
2026-07-29T18:45:22+00:00,1785348000000,Gold,1h,short_created,short,4051.12,4016.56,4003.13,S1785337200000,
2026-07-29T20:02:14+00:00,1785355199999,BTC,1h,long_created,long,63589.46,64648.79,63758.0,L1785351599999,
2026-07-29T20:02:15+00:00,1785351599999,BNB,1h,short_created,short,568.54,570.6,567.4,S1785337199999,
2026-07-29T20:02:16+00:00,1785351599999,ETH,1h,short_created,short,1888.56,1898.84,1887.31,S1785340799999,
2026-07-29T20:02:16+00:00,1785355199999,ETH,1h,long_created,long,1888.56,1935.68,1894.22,L1785351599999,
2026-07-29T20:02:17+00:00,1785351599999,SOL,1h,short_created,short,72.76,73.46,72.98,S1785340799999,
2026-07-29T20:02:18+00:00,1785351599999,DOGE,1h,short_created,short,0.06971,0.07046,0.07,S1785340799999,
2026-07-29T20:02:18+00:00,1785355199999,ADA,1h,short_created,short,0.1632,0.1653,0.1625,S1785337199999,
2026-07-29T20:02:25+00:00,1785355199999,ADA,4h,short_created,short,0.1632,0.1654,0.1623,S1785340799999,
2026-07-29T20:02:26+00:00,1785355199999,AVAX,1h,long_created,long,6.364,6.497,6.404,L1785351599999,
2026-07-29T20:02:27+00:00,1785355199999,SUI,1h,short_created,short,0.6821,0.6872,0.6806,S1785340799999,
2026-07-29T20:02:28+00:00,1785355200000,Silber,1h,short_created,short,57.39,57.57,56.95,S1785333600000,
2026-07-29T20:02:28+00:00,1785355200000,Microsoft,1h,short_created,short,392.32,395.63,389.48,S1785333600000,
2026-07-29T20:02:29+00:00,1785355200000,Microsoft,4h,short_created,short,392.32,398.79,392.93,S1785326400000,
2026-07-29T20:02:30+00:00,1785351600000,Nvidia,1h,long_created,long,190.61,193.33,192.11,L1785348000000,
2026-07-29T20:02:30+00:00,1785355200000,Apple,4h,short_created,short,338.39,341.83,339.07,S1785326400000,
2026-07-29T20:02:31+00:00,1785351600000,Apple,1h,short_created,short,338.39,343.5,340.27,S1785337200000,
2026-07-29T20:02:32+00:00,1785355200000,Apple,1h,long_created,long,338.39,343.57,341.31,L1785348000000,
2026-07-29T20:02:33+00:00,1785355200000,Amazon,1h,short_created,short,226.77,230.12,227.49,S1785337200000,
2026-07-29T21:05:17+00:00,1785358799999,SUI,1h,long_created,long,0.6797,0.6976,0.6861,L1785351599999,
2026-07-29T22:08:14+00:00,1785362399999,SOL,1h,long_created,long,73.18,74.53,73.44,L1785351599999,
2026-07-29T22:08:15+00:00,1785362399999,BNB,1h,long_created,long,569.0,573.56,568.47,L1785351599999,
2026-07-29T23:10:07+00:00,1785365999999,DOGE,1h,long_created,long,0.07006,0.06989,0.06908,L1785362399999,8h
2026-07-29T23:10:07+00:00,1785365999999,DOGE,1h,long_entry,long,0.07006,0.06989,0.06908,L1785362399999,8h
2026-07-29T23:10:08+00:00,1785366000000,Google,1h,long_created,long,335.8,342.88,338.37,L1785351600000,
2026-07-30T00:08:46+00:00,1785369599999,SOL,4h,long_created,long,73.68,74.28,72.73,L1785311999999,
2026-07-30T00:08:47+00:00,1785369599999,DOGE,4h,long_created,long,0.07014,0.07105,0.06995,L1785311999999,
2026-07-30T00:08:48+00:00,1785369599999,ADA,8h,short_created,short,0.1621,0.1654,0.1623,S1785340799999,
2026-07-30T00:08:48+00:00,1785369599999,LINK,4h,long_created,long,8.335,8.443,8.292,L1785311999999,
2026-07-30T00:08:49+00:00,1785369599999,XLM,4h,long_created,long,0.172,0.1751,0.1725,L1785326399999,
2026-07-30T00:08:50+00:00,1785369600000,Amazon,4h,long_created,long,230.3,232.38,231.12,L1785312000000,
2026-07-30T03:21:56+00:00,1785380399999,AVAX,1h,short_created,short,6.491,6.446,6.391,S1785373199999,
2026-07-30T06:02:41+00:00,1785383999999,BNB,4h,short_created,short,573.42,573.56,567.37,S1785355199999,
2026-07-30T06:02:42+00:00,1785383999999,BNB,1h,short_created,short,573.05,577.51,574.28,S1785380399999,
2026-07-30T06:02:43+00:00,1785383999999,BNB,1h,short_entry,short,573.05,577.51,574.28,S1785380399999,
2026-07-30T06:02:44+00:00,1785384000000,HYPE,4h,long_created,long,54.082,54.146,53.088,L1785369600000,
2026-07-30T06:02:44+00:00,1785384000000,HYPE,4h,long_entry,long,54.082,54.146,53.088,L1785369600000,
2026-07-30T08:42:46+00:00,1785398399999,BNB,8h,short_created,short,574.72,573.23,567.4,S1785340799999,
2026-07-30T08:42:47+00:00,1785394799999,NEAR,1h,short_created,short,1.628,1.633,1.62,S1785387599999,
2026-07-30T08:42:47+00:00,1785394800000,Rohoel,1h,short_created,short,85.27,83.89,83.33,S1785380400000,
2026-07-30T08:42:48+00:00,1785394800000,Monero,1h,short_created,short,356.06,354.12,352.62,S1785380400000,
2026-07-30T10:50:21+00:00,1785405599999,SOL,1h,short_created,short,74.05,73.81,73.39,S1785398399999,
2026-07-30T10:50:23+00:00,1785405599999,XRP,1h,short_created,short,1.081,1.0777,1.0722,S1785394799999,
2026-07-30T10:50:23+00:00,1785405599999,ETH,1h,short_created,short,1918.16,1906.95,1899.59,S1785394799999,
2026-07-30T10:50:24+00:00,1785401999999,ADA,1h,short_created,short,0.1642,0.1627,0.1619,S1785387599999,
2026-07-30T10:50:25+00:00,1785402000000,Amazon,1h,short_created,short,233.49,231.03,229.61,S1785398400000,
2026-07-30T10:50:26+00:00,1785402000000,Take-Two,1h,short_created,short,247.1,247.3,245.48,S1785398400000,
2026-07-30T12:17:27+00:00,1785409199999,SUI,1h,short_created,short,0.6933,0.6884,0.6846,S1785387599999,
2026-07-30T12:17:28+00:00,1785412800000,Microsoft,1h,short_created,short,428.88,420.54,416.83,S1785398400000,
2026-07-30T12:17:29+00:00,1785412800000,Nvidia,4h,long_created,long,193.68,193.65,190.92,L1785384000000,
2026-07-30T14:34:59+00:00,1785416400000,Google,1h,long_created,long,332.97,337.75,336.75,L1785409200000,
2026-07-30T14:34:59+00:00,1785420000000,HYPE,1h,long_created,long,53.688,53.565,52.961,L1785416400000,
2026-07-30T14:35:00+00:00,1785416400000,Take-Two,1h,long_created,long,247.09,247.26,246.29,L1785405600000,
2026-07-30T14:35:01+00:00,1785420000000,Rohoel,1h,long_created,long,83.78,84.53,83.51,L1785416400000,
2026-07-30T16:10:05+00:00,1785427199999,BTC,4h,short_created,short,64730.3,64182.0,63907.85,S1785398399999,
2026-07-30T16:10:06+00:00,1785427199999,XRP,4h,short_created,short,1.0922,1.0843,1.0669,S1785340799999,
2026-07-30T16:10:10+00:00,1785427199999,LINK,4h,short_created,short,8.485,8.341,8.263,S1785398399999,
2026-07-30T16:10:12+00:00,1785427200000,Gold,8h,short_created,short,4114.42,4099.66,4039.02,S1785398400000,
2026-07-30T16:10:13+00:00,1785423600000,Gold,1h,short_created,short,4114.42,4094.75,4076.04,S1785416400000,
2026-07-30T16:10:14+00:00,1785427200000,Gold,4h,short_created,short,4114.42,4067.93,4039.02,S1785398400000,
2026-07-30T16:10:15+00:00,1785427200000,Nvidia,1h,short_created,short,193.43,197.5,194.58,S1785423600000,
2026-07-30T16:10:15+00:00,1785427200000,Nvidia,1h,short_entry,short,193.43,197.5,194.58,S1785423600000,
2026-07-30T16:10:17+00:00,1785427200000,Apple,8h,short_created,short,332.01,340.94,337.67,S1785398400000,
2026-07-30T17:45:38+00:00,1785430800000,SpaceX,1h,short_created,short,112.21,115.88,114.45,S1785427200000,
2026-07-30T17:45:39+00:00,1785430800000,SpaceX,1h,short_entry,short,112.21,115.88,114.45,S1785427200000,
2026-07-30T20:18:08+00:00,1785441600000,Silber,4h,short_created,short,59.29,57.68,57.06,S1785398400000,
2026-07-30T21:34:48+00:00,1785445199999,DOGE,1h,short_created,short,0.07057,0.07097,0.07065,S1785437999999,
2026-07-30T21:34:49+00:00,1785445200000,Apple,1h,short_created,short,318.56,334.29,332.69,S1785441600000,
2026-07-30T21:34:50+00:00,1785445200000,SpaceX,1h,long_created,long,112.88,112.74,111.71,L1785441600000,
2026-07-30T21:34:51+00:00,1785445200000,SpaceX,1h,long_entry,long,112.88,112.74,111.71,L1785441600000,
2026-07-31T01:10:55+00:00,1785459599999,NEAR,1h,short_created,short,1.67,1.685,1.673,S1785455999999,
2026-07-31T01:10:56+00:00,1785459599999,XLM,1h,long_created,long,0.1718,0.1729,0.172,L1785452399999,
2026-07-31T01:10:57+00:00,1785459600000,Take-Two,1h,short_created,short,245.89,246.69,245.73,S1785456000000,
2026-07-31T01:10:58+00:00,1785456000000,Amazon,1d,short_created,short,258.22,232.99,224.68,S1785369600000,
2026-07-31T01:10:59+00:00,1785456000000,Amazon,1d,long_created,long,258.22,234.34,228.43,L1785283200000,
2026-07-31T01:10:59+00:00,1785456000000,Monero,1h,short_created,short,359.07,368.97,365.94,S1785452400000,
2026-07-31T04:36:19+00:00,1785463199999,BTC,1h,short_created,short,64370.0,64901.55,64690.29,S1785459599999,
2026-07-31T04:36:20+00:00,1785463199999,AVAX,1h,short_created,short,6.455,6.478,6.434,S1785455999999,
2026-07-31T04:36:20+00:00,1785470399999,AVAX,1h,long_created,long,6.455,6.544,6.447,L1785463199999,
2026-07-31T04:36:21+00:00,1785470399999,AVAX,4h,short_created,short,6.455,6.491,6.434,S1785455999999,
2026-07-31T04:36:22+00:00,1785470400000,Nvidia,4h,short_created,short,197.77,197.5,191.86,S1785427200000,
2026-07-31T07:26:58+00:00,1785477600000,Monero,1h,long_created,long,353.66,358.34,356.77,L1785470400000,
2026-07-31T10:04:25+00:00,1785484799999,DOGE,1h,long_created,long,0.06943,0.07014,0.06985,L1785473999999,
2026-07-31T10:04:25+00:00,1785484799999,LINK,1h,long_created,long,8.251,8.374,8.347,L1785477599999,
2026-07-31T10:04:26+00:00,1785492000000,SpaceX,1h,short_created,short,114.42,114.47,113.27,S1785481200000,
2026-07-31T10:04:28+00:00,1785492000000,Rohoel,1h,long_created,long,83.76,82.94,82.02,L1785488400000,
2026-07-31T10:04:29+00:00,1785492000000,Rohoel,1h,long_entry,long,83.76,82.94,82.02,L1785488400000,
2026-07-31T12:08:29+00:00,1785495599999,SOL,1h,long_created,long,73.57,74.32,73.82,L1785477599999,
2026-07-31T12:08:30+00:00,1785499200000,Apple,1h,long_created,long,308.69,313.63,312.3,L1785481200000,
2026-07-31T12:08:31+00:00,1785499200000,Google,4h,short_created,short,339.04,337.46,330.84,S1785427200000,
2026-07-31T14:30:32+00:00,1785506399999,BTC,1h,long_created,long,63270.73,63951.77,63610.0,L1785495599999,
2026-07-31T14:30:33+00:00,1785502800000,Google,1h,short_created,short,344.13,340.68,338.81,S1785499200000,
2026-07-31T14:30:34+00:00,1785502800000,Google,1h,short_entry,short,344.13,340.68,338.81,S1785499200000,
2026-07-31T14:30:35+00:00,1785502800000,Amazon,1h,short_created,short,269.37,267.2,263.0,S1785495600000,
2026-07-31T14:30:36+00:00,1785502800000,Amazon,1h,short_entry,short,269.37,267.2,263.0,S1785495600000,
2026-07-31T14:30:37+00:00,1785506400000,Nvidia,1h,short_created,short,197.92,197.86,196.74,S1785502800000,
2026-07-31T16:17:44+00:00,1785513599999,ETH,8h,long_created,long,1862.94,1936.99,1900.51,L1785427199999,
2026-07-31T16:17:45+00:00,1785509999999,BNB,1h,long_created,long,585.45,593.09,589.92,L1785502799999,
2026-07-31T16:17:46+00:00,1785509999999,XRP,1h,long_created,long,1.0606,1.0751,1.0709,L1785495599999,
2026-07-31T16:17:47+00:00,1785513599999,DOGE,4h,long_created,long,0.06905,0.07104,0.07044,L1785441599999,
2026-07-31T16:17:48+00:00,1785509999999,ADA,1h,long_created,long,0.1688,0.1708,0.1695,L1785499199999,
2026-07-31T16:17:49+00:00,1785509999999,AVAX,1h,long_created,long,6.403,6.484,6.404,L1785495599999,
2026-07-31T16:17:50+00:00,1785510000000,Gold,1h,long_created,long,4052.59,4094.69,4080.1,L1785481200000,
2026-07-31T16:17:51+00:00,1785513599999,XLM,4h,long_created,long,0.1725,0.1733,0.1721,L1785441599999,
2026-07-31T16:17:52+00:00,1785513599999,XLM,1h,short_created,short,0.1725,0.1713,0.1691,S1785506399999,
2026-07-31T16:17:53+00:00,1785510000000,Microsoft,1h,short_created,short,463.38,449.27,448.38,S1785495600000,
2026-07-31T16:17:54+00:00,1785513600000,Rohoel,1h,short_created,short,84.15,86.01,85.3,S1785506400000,
2026-07-31T16:17:56+00:00,1785513600000,Rohoel,4h,short_created,short,84.15,82.74,81.28,S1785484800000,
2026-07-31T20:25:13+00:00,1785527999999,ADA,1h,short_created,short,0.1705,0.169,0.1665,S1785509999999,
2026-07-31T20:25:14+00:00,1785527999999,LINK,4h,long_created,long,8.173,8.522,8.451,L1785441599999,
2026-07-31T20:25:15+00:00,1785527999999,NEAR,1h,short_created,short,1.69,1.71,1.69,S1785524399999,
2026-07-31T20:25:16+00:00,1785528000000,Take-Two,4h,long_created,long,243.4,249.14,247.59,L1785499200000,
2026-07-31T21:34:05+00:00,1785531600000,Nvidia,1h,short_created,short,199.96,199.95,198.74,S1785524400000,
2026-07-31T23:36:50+00:00,1785538799999,SOL,1h,long_created,long,72.85,73.44,73.17,L1785520799999,
2026-08-01T01:09:39+00:00,1785542399999,BTC,8h,long_created,long,62887.88,65086.4,64668.91,L1785455999999,
2026-08-01T01:09:39+00:00,1785542399999,LINK,1d,short_created,short,8.171,8.512,8.162,S1785369599999,
2026-08-01T01:09:40+00:00,1785542400000,Nvidia,1d,long_created,long,199.33,197.5,190.46,L1785456000000,
2026-08-01T01:09:41+00:00,1785542400000,Nvidia,1d,long_entry,long,199.33,197.5,190.46,L1785456000000,
2026-08-01T04:31:47+00:00,1785556799999,XRP,4h,long_created,long,1.066,1.0653,1.0594,L1785542399999,
2026-08-01T07:03:56+00:00,1785567600000,HYPE,1h,long_created,long,51.884,52.356,52.098,L1785556800000,
2026-08-01T10:47:57+00:00,1785578399999,BNB,1h,long_created,long,584.15,592.58,590.11,L1785567599999,
2026-08-01T14:12:08+00:00,1785589199999,TRX,1h,long_created,long,0.3283,0.3281,0.3275,L1785581999999,
2026-08-01T16:14:48+00:00,1785599999999,ETH,1h,short_created,short,1870.09,1867.77,1865.79,S1785585599999,
2026-08-01T16:14:49+00:00,1785599999999,ADA,4h,short_created,short,0.1727,0.1707,0.1678,S1785542399999,
2026-08-01T16:14:50+00:00,1785599999999,ADA,8h,short_created,short,0.1727,0.1727,0.1678,S1785542399999,
2026-08-01T16:14:50+00:00,1785600000000,SpaceX,1h,short_created,short,108.97,109.33,109.11,S1785596400000,
2026-08-01T17:15:22+00:00,1785603599999,SOL,1h,long_created,long,72.7,73.05,72.86,L1785596399999,
2026-08-01T17:15:23+00:00,1785603599999,XRP,1h,long_created,long,1.0612,1.0663,1.0635,L1785596399999,
2026-08-01T17:15:24+00:00,1785603599999,NEAR,1h,short_created,short,1.681,1.675,1.654,S1785599999999,
2026-08-01T18:11:49+00:00,1785607199999,XLM,1h,long_created,long,0.1704,0.1718,0.1713,L1785592799999,
2026-08-01T20:28:04+00:00,1785614399999,BTC,4h,long_created,long,62529.82,63150.0,62986.31,L1785585599999,
2026-08-01T20:28:05+00:00,1785614399999,DOGE,4h,long_created,long,0.06853,0.07026,0.06978,L1785599999999,
2026-08-01T20:28:05+00:00,1785614400000,Gold,1h,long_created,long,4058.64,4055.33,4054.62,L1785596400000,
2026-08-01T20:28:06+00:00,1785614400000,Apple,1h,long_created,long,306.82,308.82,307.9,L1785600000000,
2026-08-01T20:28:07+00:00,1785614400000,Microsoft,1h,long_created,long,460.52,461.31,460.36,L1785600000000,
2026-08-01T21:24:02+00:00,1785617999999,LINK,1h,long_created,long,8.027,8.028,7.961,L1785614399999,
2026-08-01T21:24:03+00:00,1785617999999,LINK,1h,long_entry,long,8.027,8.028,7.961,L1785614399999,
2026-08-01T23:11:50+00:00,1785625200000,Rohoel,1h,long_created,long,86.84,88.11,87.49,L1785614400000,
2026-08-02T00:10:20+00:00,1785628799999,BNB,1d,short_created,short,575.13,595.5,583.99,S1785542399999,
2026-08-02T00:10:21+00:00,1785628799999,XRP,4h,long_created,long,1.0604,1.0639,1.06,L1785585599999,
2026-08-02T00:10:22+00:00,1785628799999,DOGE,1d,long_created,long,0.06914,0.07104,0.06963,L1785455999999,
2026-08-02T00:10:22+00:00,1785628799999,DOGE,8h,long_created,long,0.06914,0.07026,0.06962,L1785599999999,
2026-08-02T00:10:23+00:00,1785628799999,LINK,4h,long_created,long,8.068,8.119,8.087,L1785599999999,
2026-08-02T00:10:24+00:00,1785628799999,AVAX,1d,long_created,long,6.191,6.527,6.391,L1785455999999,
2026-08-02T00:10:24+00:00,1785628799999,SUI,8h,long_created,long,0.6758,0.6905,0.6821,L1785571199999,
2026-08-02T03:49:07+00:00,1785639599999,SOL,1h,short_created,short,73.15,71.97,70.58,S1785610799999,
2026-08-02T03:49:08+00:00,1785635999999,XRP,1h,short_created,short,1.0763,1.062,1.0595,S1785628799999,
2026-08-02T03:49:09+00:00,1785635999999,ADA,1h,short_created,short,0.1801,0.175,0.1728,S1785632399999,
2026-08-02T03:49:09+00:00,1785639600000,Microsoft,1h,short_created,short,463.55,460.45,460.04,S1785628800000,
2026-08-02T03:49:10+00:00,1785636000000,Amazon,1h,short_created,short,271.72,269.96,269.41,S1785628800000,
2026-08-02T06:22:35+00:00,1785643199999,ETH,4h,long_created,long,1877.43,1849.26,1833.07,L1785628799999,
2026-08-02T06:22:36+00:00,1785643199999,ETH,4h,long_entry,long,1877.43,1849.26,1833.07,L1785628799999,
2026-08-02T06:22:37+00:00,1785643199999,SOL,4h,long_created,long,73.2,72.09,71.19,L1785628799999,
2026-08-02T06:22:38+00:00,1785643199999,SOL,4h,long_entry,long,73.2,72.09,71.19,L1785628799999,
2026-08-02T06:22:38+00:00,1785646799999,DOGE,1h,short_created,short,0.07052,0.0692,0.069,S1785625199999,
2026-08-02T06:22:48+00:00,1785643199999,AVAX,4h,long_created,long,6.321,6.211,6.108,L1785628799999,
2026-08-02T06:22:48+00:00,1785643199999,AVAX,4h,long_entry,long,6.321,6.211,6.108,L1785628799999,
2026-08-02T06:22:49+00:00,1785643199999,SUI,4h,long_created,long,0.6897,0.679,0.671,L1785628799999,
2026-08-02T06:22:50+00:00,1785643199999,SUI,4h,long_entry,long,0.6897,0.679,0.671,L1785628799999,
2026-08-02T06:22:50+00:00,1785646800000,HYPE,1h,short_created,short,52.503,53.067,52.737,S1785643200000,
2026-08-02T06:22:51+00:00,1785643200000,Take-Two,1h,long_created,long,243.7,244.05,243.24,L1785639600000,
2026-08-02T06:22:52+00:00,1785643200000,Rohoel,4h,long_created,long,81.87,88.11,86.71,L1785614400000,
2026-08-02T08:40:57+00:00,1785657599999,SOL,8h,long_created,long,73.46,73.21,72.86,L1785571199999,
2026-08-02T08:40:58+00:00,1785657599999,AVAX,8h,long_created,long,6.611,6.544,6.392,L1785484799999,
2026-08-02T11:37:16+00:00,1785668400000,Take-Two,1h,long_created,long,242.99,243.58,243.2,L1785661200000,
2026-08-02T12:40:02+00:00,1785671999999,NEAR,4h,short_created,short,1.699,1.687,1.647,S1785614399999,
2026-08-02T12:40:02+00:00,1785672000000,Nvidia,1h,short_created,short,200.28,200.53,200.28,S1785668400000,
2026-08-02T14:13:05+00:00,1785675600000,Microsoft,1h,short_created,short,463.4,461.92,460.24,S1785672000000,
2026-08-02T16:16:26+00:00,1785686400000,Rohoel,8h,long_created,long,81.44,87.03,86.31,L1785600000000,
2026-08-02T18:13:07+00:00,1785693599999,DOGE,1h,short_created,short,0.07057,0.07053,0.07027,S1785686399999,
2026-08-02T18:13:08+00:00,1785693600000,Gold,1h,short_created,short,4076.29,4067.13,4065.79,S1785672000000,
2026-08-02T19:33:57+00:00,1785697199999,ETH,1h,short_created,short,1875.86,1858.05,1852.41,S1785679199999,
2026-08-02T19:33:58+00:00,1785697199999,SOL,1h,short_created,short,73.57,73.2,73.01,S1785686399999,
2026-08-02T19:33:59+00:00,1785697199999,XRP,1h,short_created,short,1.0814,1.0828,1.0798,S1785686399999,
2026-08-02T19:34:00+00:00,1785697199999,SUI,1h,short_created,short,0.6921,0.689,0.6865,S1785679199999,
2026-08-02T19:34:00+00:00,1785697200000,Apple,1h,short_created,short,311.2,310.94,310.36,S1785686400000,
2026-08-02T20:31:00+00:00,1785700799999,DOGE,4h,short_created,short,0.07078,0.07045,0.06985,S1785671999999,
2026-08-02T20:31:01+00:00,1785700800000,HYPE,4h,long_created,long,52.729,51.73,51.162,L1785686400000,
2026-08-02T21:26:39+00:00,1785704400000,Take-Two,1h,short_created,short,244.25,243.0,242.67,S1785682800000,
2026-08-02T22:25:13+00:00,1785707999999,BTC,1h,short_created,short,63578.0,63186.0,63062.0,S1785682799999,
2026-08-02T22:25:14+00:00,1785708000000,Rohoel,1h,long_created,long,80.46,81.53,80.84,L1785704400000,
2026-08-02T23:25:37+00:00,1785711599999,LINK,1h,short_created,short,8.4,8.373,8.315,S1785697199999,
2026-08-02T23:25:40+00:00,1785711600000,Silber,1h,long_created,long,58.47,59.35,59.06,L1785708000000,
2026-08-02T23:25:41+00:00,1785711600000,SpaceX,1h,short_created,short,108.99,109.62,109.06,S1785708000000,
2026-08-03T01:03:19+00:00,1785718799999,XLM,1h,long_created,long,0.1738,0.1745,0.1738,L1785715199999,
2026-08-03T01:03:20+00:00,1785715200000,Nvidia,1h,long_created,long,201.71,200.36,199.65,L1785711600000,
2026-08-03T01:03:20+00:00,1785715200000,Nvidia,4h,long_created,long,200.46,201.72,200.74,L1785700800000,
2026-08-03T01:03:21+00:00,1785715200000,Take-Two,4h,short_created,short,244.42,243.1,242.59,S1785686400000,
2026-08-03T01:03:22+00:00,1785718800000,SpaceX,1h,long_created,long,109.11,109.48,108.97,L1785704400000,
2026-08-03T04:37:42+00:00,1785729599999,LINK,1h,long_created,long,8.252,8.455,8.36,L1785711599999,
2026-08-03T04:37:43+00:00,1785726000000,Gold,1h,long_created,long,4071.44,4070.55,4055.42,L1785722400000,
2026-08-03T08:00:39+00:00,1785736799999,DOGE,1h,long_created,long,0.0693,0.07082,0.07054,L1785715199999,
2026-08-03T08:00:42+00:00,1785743999999,AVAX,8h,short_created,short,6.402,6.674,6.53,S1785715199999,
2026-08-03T08:00:43+00:00,1785743999999,AVAX,8h,short_entry,short,6.402,6.674,6.53,S1785715199999,
2026-08-03T08:00:44+00:00,1785744000000,Nvidia,4h,short_created,short,201.66,201.94,197.88,S1785715200000,
2026-08-03T08:00:45+00:00,1785744000000,Nvidia,8h,short_created,short,201.66,201.94,197.88,S1785715200000,
